date,household_id,region,has_solar,total_kwh,peak_kwh,off_peak_kwh,estimated_cost_usd,solar_savings_usd
2024-01-01,HH_001,Semi-urban,0,13.0227,7.9466,5.0761,2.748065,0.0
2024-01-01,HH_002,Rural,0,5.0438,3.0707,1.9731,1.06364,0.0
2024-01-01,HH_003,Rural,1,4.846,3.0883,1.7577,1.03573,0.24230000000000002
2024-01-01,HH_004,Rural,0,5.1421,3.093,2.0491,1.0806149999999999,0.0
2024-01-01,HH_005,Urban,0,13.0047,7.766,5.2387,2.727305,0.0
2024-01-01,HH_006,Urban,0,8.3292,5.3495,2.9797000000000002,1.78433,0.0
2024-01-01,HH_007,Urban,1,6.1385,4.8031,1.3354,1.401085,0.306925
2024-01-01,HH_008,Rural,0,5.5389,3.339,2.1999,1.1647349999999999,0.0
2024-01-01,HH_009,Rural,0,5.3514,3.2171,2.1343,1.12442,0.0
2024-01-01,HH_010,Rural,0,5.27,3.2161,2.0539,1.11211,0.0
2024-01-01,HH_011,Urban,0,8.897,5.537,3.36,1.88825,0.0
2024-01-01,HH_012,Rural,1,4.2459999999999996,3.1113,1.1347,0.9480299999999999,0.2123
2024-01-01,HH_013,Rural,0,5.0049,3.2176,1.7872999999999999,1.072495,0.0
2024-01-01,HH_014,Semi-urban,0,8.8882,5.6471,3.2411,1.89794,0.0
2024-01-01,HH_015,Urban,1,5.9347,4.646,1.2887,1.354805,0.296735
2024-01-01,HH_016,Urban,1,9.8265,7.3676,2.4589,2.210735,0.491325
2024-01-01,HH_017,Semi-urban,0,8.7799,5.3579,3.422,1.8527749999999998,0.0
2024-01-01,HH_018,Rural,1,3.4958,2.7497,0.7461,0.7993399999999999,0.17479
2024-01-01,HH_019,Semi-urban,0,9.0932,5.5884,3.5048,1.92282,0.0
2024-01-01,HH_020,Semi-urban,0,8.9179,5.2521,3.6658,1.862895,0.0
2024-01-01,HH_021,Rural,1,4.1719,3.0238,1.1481000000000001,0.928165,0.208595
2024-01-01,HH_022,Urban,1,6.6631,4.9696,1.6935,1.496425,0.33315500000000003
2024-01-01,HH_023,Semi-urban,1,5.6002,4.2758,1.3244,1.2676100000000001,0.28001000000000004
2024-01-01,HH_024,Semi-urban,1,8.6191,5.406,3.2131,1.833465,0.430955
2024-01-01,HH_025,Semi-urban,0,8.5208,5.2653,3.2554999999999996,1.8046499999999999,0.0
2024-01-01,HH_026,Rural,0,5.2478,3.1403,2.1075,1.1012,0.0
2024-01-01,HH_027,Urban,1,6.5443,4.7804,1.7639,1.4596850000000001,0.32721500000000003
2024-01-01,HH_028,Rural,0,5.1478,3.1551,1.9927000000000001,1.08768,0.0
2024-01-01,HH_029,Rural,1,4.6938,3.0946,1.5992,1.0135299999999998,0.23469000000000004
2024-01-01,HH_030,Urban,1,5.7379,4.6845,1.0534,1.329135,0.286895
2024-01-01,HH_031,Rural,1,3.6003,2.832,0.7683,0.823245,0.180015
2024-01-01,HH_032,Urban,0,8.8841,5.6474,3.2367,1.8973550000000001,0.0
2024-01-01,HH_033,Urban,0,13.1527,8.2279,4.924799999999999,2.795695,0.0
2024-01-01,HH_034,Rural,0,5.3925,3.1903,2.2022,1.127905,0.0
2024-01-01,HH_035,Rural,0,5.2171,3.2406,1.9765,1.106625,0.0
2024-01-01,HH_036,Rural,0,5.1974,3.2437,1.9537,1.10398,0.0
2024-01-01,HH_037,Semi-urban,0,8.7032,5.2539,3.4493,1.83087,0.0
2024-01-01,HH_038,Urban,0,8.4157,5.2473,3.1684,1.787085,0.0
2024-01-01,HH_039,Rural,0,5.0079,3.1377,1.8701999999999999,1.0649549999999999,0.0
2024-01-01,HH_040,Semi-urban,0,8.6774,5.3094,3.368,1.83255,0.0
2024-01-01,HH_041,Urban,0,8.4966,5.1722,3.3244,1.79171,0.0
2024-01-01,HH_042,Semi-urban,0,8.6953,5.3738,3.3215,1.841675,0.0
2024-01-01,HH_043,Urban,1,12.4962,8.188600000000001,4.3076,2.69329,0.6248100000000001
2024-01-01,HH_044,Rural,0,5.0976,3.2019,1.8957,1.08483,0.0
2024-01-01,HH_045,Semi-urban,0,8.865,5.5822,3.2828,1.8879700000000001,0.0
2024-01-01,HH_046,Rural,0,5.2192,3.2717,1.9475,1.11005,0.0
2024-01-01,HH_047,Semi-urban,1,7.0142,4.8366999999999996,2.1774999999999998,1.5357999999999998,0.35071
2024-01-01,HH_048,Rural,0,4.9521,3.1572,1.7949000000000002,1.058535,0.0
2024-01-01,HH_049,Rural,0,5.4849000000000006,3.3041,2.1808,1.153145,0.0
2024-01-01,HH_050,Urban,0,13.3379,7.972799999999999,5.3651,2.7979649999999996,0.0
2024-01-01,HH_051,Rural,0,5.0817,3.0327,2.049,1.065525,0.0
2024-01-01,HH_052,Rural,0,5.1855,3.2085,1.977,1.098675,0.0
2024-01-01,HH_053,Rural,0,5.1464,3.2905,1.8559,1.10101,0.0
2024-01-01,HH_054,Rural,0,5.0765,3.1922,1.8843,1.080695,0.0
2024-01-01,HH_055,Rural,1,4.1609,3.0151,1.1458,0.9256449999999999,0.208045
2024-01-01,HH_056,Rural,1,4.0644,2.9723,1.0921,0.9068900000000001,0.20322
2024-01-01,HH_057,Urban,0,9.1428,5.695,3.4478,1.9409200000000002,0.0
2024-01-01,HH_058,Urban,0,8.66,5.6431000000000004,3.0168999999999997,1.86331,0.0
2024-01-01,HH_059,Urban,1,8.474,5.2867,3.1873,1.7997699999999999,0.4237
2024-01-01,HH_060,Semi-urban,0,8.6173,5.3468,3.2705,1.827275,0.0
2024-01-01,HH_061,Semi-urban,0,8.7252,5.3565000000000005,3.3687,1.84443,0.0
2024-01-01,HH_062,Semi-urban,0,8.8056,5.4196,3.386,1.8628,0.0
2024-01-02,HH_001,Semi-urban,0,12.7702,7.8229,4.9473,2.69782,0.0
2024-01-02,HH_002,Rural,0,5.1164,3.1315,1.9849,1.08061,0.0
2024-01-02,HH_003,Rural,1,4.6397,3.204,1.4357,1.0163550000000001,0.23198500000000002
2024-01-02,HH_004,Rural,0,5.3183,3.1269,2.1914,1.1104349999999998,0.0
2024-01-02,HH_005,Urban,0,12.2765,7.6765,4.6,2.6091249999999997,0.0
2024-01-02,HH_006,Urban,0,9.1581,5.5424,3.6157,1.9279549999999999,0.0
2024-01-02,HH_007,Urban,1,5.7137,4.3985,1.3152,1.296905,0.285685
2024-01-02,HH_008,Rural,0,5.2101,3.3584,1.8517,1.1173549999999999,0.0
2024-01-02,HH_009,Rural,0,5.3166,3.2065,2.1101,1.11814,0.0
2024-01-02,HH_010,Rural,0,5.1678,3.1745,1.9932999999999998,1.09262,0.0
2024-01-02,HH_011,Urban,0,9.005,5.4827,3.5223,1.8990200000000002,0.0
2024-01-02,HH_012,Rural,1,3.9972,2.8216,1.1756,0.88174,0.19986
2024-01-02,HH_013,Rural,0,5.1110999999999995,3.1752,1.9359,1.084185,0.0
2024-01-02,HH_014,Semi-urban,0,8.7162,5.3929,3.3233,1.84672,0.0
2024-01-02,HH_015,Urban,1,6.0126,4.6243,1.3883,1.36432,0.30063
2024-01-02,HH_016,Urban,1,9.359,7.0165,2.3425000000000002,2.1055,0.46795000000000003
2024-01-02,HH_017,Semi-urban,0,8.7976,5.5012,3.2964,1.8697599999999999,0.0
2024-01-02,HH_018,Rural,1,3.2967,2.6863,0.6104,0.763135,0.164835
2024-01-02,HH_019,Semi-urban,0,8.5449,5.1354,3.4095,1.795275,0.0
2024-01-02,HH_020,Semi-urban,0,8.864,5.3868,3.4772,1.86828,0.0
2024-01-02,HH_021,Rural,1,4.1933,2.9537,1.2396,0.924365,0.209665
2024-01-02,HH_022,Urban,1,7.0806000000000004,5.2088,1.8718,1.58297,0.35403000000000007
2024-01-02,HH_023,Semi-urban,1,5.9858,4.5221,1.4637,1.35008,0.29929
2024-01-02,HH_024,Semi-urban,1,7.9591,5.2732,2.6859,1.721185,0.39795500000000006
2024-01-02,HH_025,Semi-urban,0,8.2996,5.0233,3.2763,1.7472699999999999,0.0
2024-01-02,HH_026,Rural,0,5.1718,3.2407,1.9311,1.09984,0.0
2024-01-02,HH_027,Urban,1,6.7338,5.1175,1.6162999999999998,1.52182,0.33669
2024-01-02,HH_028,Rural,0,5.0982,3.1906,1.9076,1.08379,0.0
2024-01-02,HH_029,Rural,1,4.942,3.1227,1.8193,1.0535700000000001,0.24710000000000001
2024-01-02,HH_030,Urban,1,5.747,4.5638,1.1832,1.31843,0.28735
2024-01-02,HH_031,Rural,1,3.8739,2.8495,1.0244,0.866035,0.193695
2024-01-02,HH_032,Urban,0,8.7399,5.2477,3.4922,1.835755,0.0
2024-01-02,HH_033,Urban,0,13.1503,8.1941,4.9562,2.791955,0.0
2024-01-02,HH_034,Rural,0,5.1249,3.1734999999999998,1.9514,1.086085,0.0
2024-01-02,HH_035,Rural,0,4.9726,3.0905,1.8820999999999999,1.05494,0.0
2024-01-02,HH_036,Rural,0,5.1245,3.1616,1.9628999999999999,1.084835,0.0
2024-01-02,HH_037,Semi-urban,0,8.559899999999999,5.2208,3.3390999999999997,1.8060649999999998,0.0
2024-01-02,HH_038,Urban,0,8.7024,5.1874,3.515,1.8241,0.0
2024-01-02,HH_039,Rural,0,5.1953000000000005,3.2271,1.9682,1.1020050000000001,0.0
2024-01-02,HH_040,Semi-urban,0,9.2637,5.5389,3.7248,1.943445,0.0
2024-01-02,HH_041,Urban,0,8.5853,5.3905,3.1948,1.826845,0.0
2024-01-02,HH_042,Semi-urban,0,8.8952,5.5284,3.3668,1.8871200000000001,0.0
2024-01-02,HH_043,Urban,1,12.2231,8.0661,4.157,2.640075,0.6111550000000001
2024-01-02,HH_044,Rural,0,5.2309,3.2641999999999998,1.9667,1.111055,0.0
2024-01-02,HH_045,Semi-urban,0,8.7739,5.2385,3.5354,1.839935,0.0
2024-01-02,HH_046,Rural,0,5.2407,3.0631,2.1776,1.092415,0.0
2024-01-02,HH_047,Semi-urban,1,6.5497,4.8721,1.6776,1.469665,0.327485
2024-01-02,HH_048,Rural,0,5.308,3.3093,1.9987,1.12713,0.0
2024-01-02,HH_049,Rural,0,5.2321,3.258,1.9741,1.110615,0.0
2024-01-02,HH_050,Urban,0,13.1298,8.1043,5.0255,2.7799,0.0
2024-01-02,HH_051,Rural,0,5.3852,3.2832,2.102,1.1360999999999999,0.0
2024-01-02,HH_052,Rural,0,5.2128,3.3608000000000002,1.8519999999999999,1.118,0.0
2024-01-02,HH_053,Rural,0,5.3893,3.3784,2.0109,1.146235,0.0
2024-01-02,HH_054,Rural,0,5.2645,3.2183,2.0462,1.111505,0.0
2024-01-02,HH_055,Rural,1,4.3095,3.0326,1.2769,0.949685,0.215475
2024-01-02,HH_056,Rural,1,4.3889,3.0932,1.2957,0.9676549999999999,0.219445
2024-01-02,HH_057,Urban,0,8.4904,5.2757,3.2147,1.80113,0.0
2024-01-02,HH_058,Urban,0,8.6585,5.2168,3.4417,1.820455,0.0
2024-01-02,HH_059,Urban,1,8.3784,5.4017,2.9767,1.79693,0.41891999999999996
2024-01-02,HH_060,Semi-urban,0,8.4921,5.3117,3.1804,1.804985,0.0
2024-01-02,HH_061,Semi-urban,0,8.8384,5.4066,3.4318,1.86642,0.0
2024-01-02,HH_062,Semi-urban,0,8.5311,5.2776000000000005,3.2535,1.807425,0.0
2024-01-03,HH_001,Semi-urban,0,12.979899999999999,8.075899999999999,4.904,2.7545749999999996,0.0
2024-01-03,HH_002,Rural,0,4.9942,3.026,1.9682,1.05173,0.0
2024-01-03,HH_003,Rural,1,4.669,2.9892,1.6798,0.9992699999999999,0.23345
2024-01-03,HH_004,Rural,0,5.3557,3.2568,2.0989,1.129035,0.0
2024-01-03,HH_005,Urban,0,12.5866,7.966200000000001,4.6204,2.68461,0.0
2024-01-03,HH_006,Urban,0,9.020199999999999,5.5126,3.5076,1.90429,0.0
2024-01-03,HH_007,Urban,1,5.7416,4.5683,1.1733,1.3180699999999999,0.28708
2024-01-03,HH_008,Rural,0,5.2761,3.1864,2.0897,1.110055,0.0
2024-01-03,HH_009,Rural,0,5.18,3.2149,1.9651,1.09849,0.0
2024-01-03,HH_010,Rural,0,5.0448,3.0221,2.0227,1.05893,0.0
2024-01-03,HH_011,Urban,0,8.6541,5.1661,3.488,1.8147250000000001,0.0
2024-01-03,HH_012,Rural,1,4.1288,2.7933,1.3355000000000001,0.89865,0.20644
2024-01-03,HH_013,Rural,0,5.0402000000000005,3.1351,1.9051,1.06954,0.0
2024-01-03,HH_014,Semi-urban,0,8.5744,5.4993,3.0751,1.83609,0.0
2024-01-03,HH_015,Urban,1,5.7887,4.647600000000001,1.1411,1.3330650000000002,0.28943500000000005
2024-01-03,HH_016,Urban,1,9.4134,7.3021,2.1113,2.14222,0.47067
2024-01-03,HH_017,Semi-urban,0,8.8622,5.3290999999999995,3.5331,1.86224,0.0
2024-01-03,HH_018,Rural,1,3.5031,2.7654,0.7377,0.8020050000000001,0.175155
2024-01-03,HH_019,Semi-urban,0,9.007,5.4724,3.5346,1.8982900000000003,0.0
2024-01-03,HH_020,Semi-urban,0,9.1577,5.6987,3.459,1.943525,0.0
2024-01-03,HH_021,Rural,1,4.183,3.0372,1.1458,0.9311699999999999,0.20915
2024-01-03,HH_022,Urban,1,6.8018,5.0243,1.7775,1.5227,0.34009
2024-01-03,HH_023,Semi-urban,1,5.8991,4.7749,1.1242,1.362355,0.294955
2024-01-03,HH_024,Semi-urban,1,8.1847,4.9971,3.1875999999999998,1.727415,0.409235
2024-01-03,HH_025,Semi-urban,0,8.906,5.4664,3.4396,1.88254,0.0
2024-01-03,HH_026,Rural,0,5.2686,3.274,1.9946,1.11769,0.0
2024-01-03,HH_027,Urban,1,7.0244,4.9943,2.0301,1.55309,0.35122000000000003
2024-01-03,HH_028,Rural,0,5.4001,3.3798,2.0202999999999998,1.1479949999999999,0.0
2024-01-03,HH_029,Rural,1,4.8682,3.2239,1.6443,1.0526200000000001,0.24341000000000002
2024-01-03,HH_030,Urban,1,6.0023,4.8137,1.1886,1.381715,0.300115
2024-01-03,HH_031,Rural,1,3.7486,2.9157,0.8329,0.8538600000000001,0.18743
2024-01-03,HH_032,Urban,0,8.3921,5.1723,3.2197999999999998,1.7760449999999999,0.0
2024-01-03,HH_033,Urban,0,13.089500000000001,8.2841,4.8054,2.791835,0.0
2024-01-03,HH_034,Rural,0,5.3833,3.4308,1.9525,1.150575,0.0
2024-01-03,HH_035,Rural,0,5.1617,3.1581,2.0036,1.090065,0.0
2024-01-03,HH_036,Rural,0,5.1141,3.1253,1.9888000000000001,1.0796450000000002,0.0
2024-01-03,HH_037,Semi-urban,0,8.4701,5.2215,3.2486,1.792665,0.0
2024-01-03,HH_038,Urban,0,9.1873,5.6065000000000005,3.5808,1.938745,0.0
2024-01-03,HH_039,Rural,0,5.2879000000000005,3.2202,2.0677,1.115205,0.0
2024-01-03,HH_040,Semi-urban,0,8.8477,5.2011,3.6466,1.8472650000000002,0.0
2024-01-03,HH_041,Urban,0,8.6987,5.3826,3.3161,1.843065,0.0
2024-01-03,HH_042,Semi-urban,0,8.8991,5.5188,3.3803,1.886745,0.0
2024-01-03,HH_043,Urban,1,12.7182,7.4748,5.2434,2.6552100000000003,0.63591
2024-01-03,HH_044,Rural,0,5.4086,3.2640000000000002,2.1446,1.13769,0.0
2024-01-03,HH_045,Semi-urban,0,8.287,5.1707,3.1163000000000003,1.7601200000000001,0.0
2024-01-03,HH_046,Rural,0,5.1619,3.1635,1.9984,1.090635,0.0
2024-01-03,HH_047,Semi-urban,1,7.3610999999999995,5.2572,2.1039,1.629885,0.368055
2024-01-03,HH_048,Rural,0,4.9848,3.1776,1.8072000000000001,1.06548,0.0
2024-01-03,HH_049,Rural,0,5.1399,3.2022,1.9377,1.091205,0.0
2024-01-03,HH_050,Urban,0,12.705,7.9449,4.7600999999999996,2.70024,0.0
2024-01-03,HH_051,Rural,0,5.1769,3.122,2.0549,1.088735,0.0
2024-01-03,HH_052,Rural,0,5.2804,3.158,2.1224,1.10786,0.0
2024-01-03,HH_053,Rural,0,5.233,3.2365,1.9965,1.1086,0.0
2024-01-03,HH_054,Rural,0,5.2514,3.2284,2.023,1.11055,0.0
2024-01-03,HH_055,Rural,1,4.0527,2.8808,1.1719,0.8959849999999999,0.202635
2024-01-03,HH_056,Rural,1,4.1514999999999995,3.0569,1.0946,0.928415,0.20757499999999998
2024-01-03,HH_057,Urban,0,8.9758,5.5866,3.3891999999999998,1.90503,0.0
2024-01-03,HH_058,Urban,0,8.5935,5.5945,2.999,1.848475,0.0
2024-01-03,HH_059,Urban,1,8.2543,5.2828,2.9715,1.766425,0.41271500000000005
2024-01-03,HH_060,Semi-urban,0,8.7004,5.2832,3.4172,1.83338,0.0
2024-01-03,HH_061,Semi-urban,0,8.3397,5.3853,2.9544,1.789485,0.0
2024-01-03,HH_062,Semi-urban,0,8.6025,5.255599999999999,3.3468999999999998,1.8159349999999996,0.0
2024-01-04,HH_001,Semi-urban,0,12.7378,8.0607,4.6771,2.71674,0.0
2024-01-04,HH_002,Rural,0,5.4771,3.4123,2.0648,1.162795,0.0
2024-01-04,HH_003,Rural,1,4.5866,3.0254000000000003,1.5612,0.99053,0.22933
2024-01-04,HH_004,Rural,0,5.3444,3.2217,2.1227,1.1238299999999999,0.0
2024-01-04,HH_005,Urban,0,13.2126,8.0185,5.1941,2.78374,0.0
2024-01-04,HH_006,Urban,0,8.5694,5.3327,3.2367,1.81868,0.0
2024-01-04,HH_007,Urban,1,5.7034,4.578399999999999,1.125,1.3133499999999998,0.28517000000000003
2024-01-04,HH_008,Rural,0,5.1044,3.1947,1.9097,1.08513,0.0
2024-01-04,HH_009,Rural,0,5.2434,3.1864,2.057,1.10515,0.0
2024-01-04,HH_010,Rural,0,5.0797,3.18,1.8997,1.079955,0.0
2024-01-04,HH_011,Urban,0,8.591,5.2825999999999995,3.3084,1.8169099999999998,0.0
2024-01-04,HH_012,Rural,1,4.1693,2.993,1.1763,0.9246949999999999,0.208465
2024-01-04,HH_013,Rural,0,5.251,3.2806,1.9704,1.11571,0.0
2024-01-04,HH_014,Semi-urban,0,8.7399,5.3886,3.3513,1.8498450000000002,0.0
2024-01-04,HH_015,Urban,1,5.8839,4.6212,1.2627,1.344705,0.294195
2024-01-04,HH_016,Urban,1,9.144,7.2484,1.8956,2.09644,0.45720000000000005
2024-01-04,HH_017,Semi-urban,0,8.4789,5.2282,3.2507,1.7946550000000001,0.0
2024-01-04,HH_018,Rural,1,3.6055,2.7677,0.8378,0.8175950000000001,0.18027500000000002
2024-01-04,HH_019,Semi-urban,0,8.2676,5.2651,3.0025,1.76665,0.0
2024-01-04,HH_020,Semi-urban,0,8.7388,5.3934999999999995,3.3453,1.8501699999999999,0.0
2024-01-04,HH_021,Rural,1,4.4261,3.09,1.3361,0.972915,0.221305
2024-01-04,HH_022,Urban,1,7.199,5.0405,2.1585,1.5838999999999999,0.35995
2024-01-04,HH_023,Semi-urban,1,5.681,4.2501,1.4309,1.2771599999999999,0.28405
2024-01-04,HH_024,Semi-urban,1,7.9127,5.1635,2.7492,1.703255,0.395635
2024-01-04,HH_025,Semi-urban,0,8.9957,5.7288,3.2669,1.922235,0.0
2024-01-04,HH_026,Rural,0,5.0489,3.2721999999999998,1.7767,1.084555,0.0
2024-01-04,HH_027,Urban,1,6.9392000000000005,4.8984000000000005,2.0408,1.53072,0.34696000000000005
2024-01-04,HH_028,Rural,0,5.3568,3.1136,2.2432,1.1148799999999999,0.0
2024-01-04,HH_029,Rural,1,4.8942,3.0834,1.8108000000000002,1.04247,0.24470999999999998
2024-01-04,HH_030,Urban,1,5.853899999999999,4.6345,1.2193999999999998,1.341535,0.292695
2024-01-04,HH_031,Rural,1,3.6016,2.7987,0.8029,0.82011,0.18008000000000002
2024-01-04,HH_032,Urban,0,8.6993,5.3746,3.3247,1.842355,0.0
2024-01-04,HH_033,Urban,0,12.6846,7.9,4.7846,2.6926900000000002,0.0
2024-01-04,HH_034,Rural,0,5.0821000000000005,3.1537,1.9284000000000001,1.077685,0.0
2024-01-04,HH_035,Rural,0,5.2486,3.3066,1.942,1.11795,0.0
2024-01-04,HH_036,Rural,0,5.1959,3.1248,2.0711,1.0918649999999999,0.0
2024-01-04,HH_037,Semi-urban,0,8.7385,5.4015,3.337,1.8509250000000002,0.0
2024-01-04,HH_038,Urban,0,8.9924,5.4345,3.5579,1.89231,0.0
2024-01-04,HH_039,Rural,0,5.3709,3.2143,2.1566,1.127065,0.0
2024-01-04,HH_040,Semi-urban,0,8.5761,5.0933,3.4828,1.7957450000000001,0.0
2024-01-04,HH_041,Urban,0,8.9027,5.5235,3.3792,1.887755,0.0
2024-01-04,HH_042,Semi-urban,0,8.5813,5.1803,3.401,1.805225,0.0
2024-01-04,HH_043,Urban,1,12.3201,7.953,4.3671,2.643315,0.616005
2024-01-04,HH_044,Rural,0,5.0924,3.2895,1.8029,1.09281,0.0
2024-01-04,HH_045,Semi-urban,0,9.1748,5.5623000000000005,3.6125,1.9324500000000002,0.0
2024-01-04,HH_046,Rural,0,5.5576,3.5217,2.0359,1.18581,0.0
2024-01-04,HH_047,Semi-urban,1,6.6812,4.8229,1.8583,1.48447,0.33406
2024-01-04,HH_048,Rural,0,5.101,3.1109999999999998,1.99,1.07625,0.0
2024-01-04,HH_049,Rural,0,5.0782,3.2314,1.8468,1.08487,0.0
2024-01-04,HH_050,Urban,0,12.285,7.8518,4.4332,2.62793,0.0
2024-01-04,HH_051,Rural,0,4.9083,2.9538,1.9545,1.031625,0.0
2024-01-04,HH_052,Rural,0,4.9376999999999995,2.9552,1.9825,1.036175,0.0
2024-01-04,HH_053,Rural,0,5.1933,3.1586,2.0347,1.094855,0.0
2024-01-04,HH_054,Rural,0,5.1706,3.2266,1.944,1.09825,0.0
2024-01-04,HH_055,Rural,1,4.2928,3.1212,1.1716,0.95604,0.21464
2024-01-04,HH_056,Rural,1,4.0135,2.9388,1.0747,0.895905,0.200675
2024-01-04,HH_057,Urban,0,8.9551,5.2614,3.6937,1.869405,0.0
2024-01-04,HH_058,Urban,0,9.1837,5.8211,3.3626,1.9596650000000002,0.0
2024-01-04,HH_059,Urban,1,8.1246,5.406,2.7186,1.75929,0.40623
2024-01-04,HH_060,Semi-urban,0,9.171100000000001,5.6272,3.5439,1.938385,0.0
2024-01-04,HH_061,Semi-urban,0,9.003,5.3465,3.6565,1.8851,0.0
2024-01-04,HH_062,Semi-urban,0,8.860999999999999,5.2689,3.5921,1.8560400000000001,0.0
2024-01-05,HH_001,Semi-urban,0,13.235,7.9842,5.2508,2.78367,0.0
2024-01-05,HH_002,Rural,0,5.3478,3.2774,2.0704000000000002,1.12991,0.0
2024-01-05,HH_003,Rural,1,4.6752,3.1584,1.5168,1.01712,0.23376000000000002
2024-01-05,HH_004,Rural,0,5.3004999999999995,3.2368,2.0637,1.118755,0.0
2024-01-05,HH_005,Urban,0,12.5455,7.4711,5.0744,2.628935,0.0
2024-01-05,HH_006,Urban,0,8.791599999999999,5.5398,3.2518,1.8727199999999997,0.0
2024-01-05,HH_007,Urban,1,6.1505,4.7955,1.355,1.4021249999999998,0.30752500000000005
2024-01-05,HH_008,Rural,0,5.3028,3.2648,2.0380000000000003,1.1219000000000001,0.0
2024-01-05,HH_009,Rural,0,5.1211,3.2235,1.8976,1.090515,0.0
2024-01-05,HH_010,Rural,0,5.216,3.2655000000000003,1.9505000000000001,1.10895,0.0
2024-01-05,HH_011,Urban,0,9.086,5.6148,3.4712,1.92438,0.0
2024-01-05,HH_012,Rural,1,4.2827,3.0589,1.2238,0.948295,0.21413500000000002
2024-01-05,HH_013,Rural,0,5.1724,3.1969,1.9755,1.09555,0.0
2024-01-05,HH_014,Semi-urban,0,8.3142,5.167,3.1472,1.76383,0.0
2024-01-05,HH_015,Urban,1,5.8804,4.6022,1.2782,1.34228,0.29402
2024-01-05,HH_016,Urban,1,9.7784,7.0879,2.6905,2.1755500000000003,0.48892
2024-01-05,HH_017,Semi-urban,0,8.3505,5.2805,3.07,1.780625,0.0
2024-01-05,HH_018,Rural,1,3.3926000000000003,2.6382000000000003,0.7544,0.77271,0.16963000000000003
2024-01-05,HH_019,Semi-urban,0,8.3537,5.2206,3.1330999999999998,1.775115,0.0
2024-01-05,HH_020,Semi-urban,0,8.3857,5.3964,2.9893,1.797495,0.0
2024-01-05,HH_021,Rural,1,4.2225,3.0175,1.205,0.935125,0.211125
2024-01-05,HH_022,Urban,1,7.0333,5.0547,1.9786000000000001,1.5604650000000002,0.351665
2024-01-05,HH_023,Semi-urban,1,5.9437999999999995,4.6988,1.245,1.36145,0.29719
2024-01-05,HH_024,Semi-urban,1,7.9674,5.1554,2.812,1.71065,0.39837
2024-01-05,HH_025,Semi-urban,0,8.5814,5.4351,3.1463,1.8307200000000001,0.0
2024-01-05,HH_026,Rural,0,5.2757,3.3258,1.9499,1.123935,0.0
2024-01-05,HH_027,Urban,1,6.3696,4.691,1.6785999999999999,1.42454,0.31848000000000004
2024-01-05,HH_028,Rural,0,5.1999,3.0687,2.1312,1.0868550000000001,0.0
2024-01-05,HH_029,Rural,1,4.976,3.1363,1.8397,1.0600299999999998,0.24880000000000002
2024-01-05,HH_030,Urban,1,5.8332,4.5775,1.2557,1.33273,0.29166
2024-01-05,HH_031,Rural,1,3.6263,2.8427,0.7836000000000001,0.8282149999999999,0.181315
2024-01-05,HH_032,Urban,0,8.7804,5.2943,3.4861,1.84649,0.0
2024-01-05,HH_033,Urban,0,13.1906,7.8975,5.2931,2.76834,0.0
2024-01-05,HH_034,Rural,0,5.0864,3.1236,1.9627999999999999,1.07532,0.0
2024-01-05,HH_035,Rural,0,5.3254,3.1978,2.1276,1.11859,0.0
2024-01-05,HH_036,Rural,0,5.2063,3.1629,2.0434,1.097235,0.0
2024-01-05,HH_037,Semi-urban,0,8.5248,5.3594,3.1654,1.81466,0.0
2024-01-05,HH_038,Urban,0,8.955,5.4413,3.5137,1.8873799999999998,0.0
2024-01-05,HH_039,Rural,0,5.3654,3.3724,1.9929999999999999,1.14205,0.0
2024-01-05,HH_040,Semi-urban,0,8.9161,5.5866,3.3295,1.896075,0.0
2024-01-05,HH_041,Urban,0,8.5441,5.29,3.2541,1.810615,0.0
2024-01-05,HH_042,Semi-urban,0,8.5175,5.1284,3.3891,1.790465,0.0
2024-01-05,HH_043,Urban,1,11.9307,7.7291,4.2016,2.562515,0.596535
2024-01-05,HH_044,Rural,0,5.1903999999999995,3.1908,1.9996,1.09764,0.0
2024-01-05,HH_045,Semi-urban,0,9.003,5.4714,3.5316,1.89759,0.0
2024-01-05,HH_046,Rural,0,5.0553,3.175,1.8803,1.0757949999999998,0.0
2024-01-05,HH_047,Semi-urban,1,6.8575,5.0706999999999995,1.7868,1.5356949999999998,0.34287500000000004
2024-01-05,HH_048,Rural,0,5.3309999999999995,3.2185,2.1125,1.1215,0.0
2024-01-05,HH_049,Rural,0,5.4031,3.2965999999999998,2.1065,1.1401249999999998,0.0
2024-01-05,HH_050,Urban,0,13.049,7.7648,5.2842,2.73383,0.0
2024-01-05,HH_051,Rural,0,5.2188,3.2159,2.0029,1.10441,0.0
2024-01-05,HH_052,Rural,0,5.3079,3.3081,1.9998,1.126995,0.0
2024-01-05,HH_053,Rural,0,5.4318,3.2284,2.2034,1.13761,0.0
2024-01-05,HH_054,Rural,0,5.505,3.1704999999999997,2.3345,1.1427999999999998,0.0
2024-01-05,HH_055,Rural,1,4.11,2.9243,1.1857,0.90893,0.20550000000000002
2024-01-05,HH_056,Rural,1,4.3169,3.0126,1.3043,0.9487949999999999,0.21584500000000004
2024-01-05,HH_057,Urban,0,8.5618,5.3363,3.2255,1.8178999999999998,0.0
2024-01-05,HH_058,Urban,0,8.495,5.228,3.267,1.79705,0.0
2024-01-05,HH_059,Urban,1,7.8718,5.1494,2.7224,1.69571,0.39359000000000005
2024-01-05,HH_060,Semi-urban,0,8.5908,5.2882,3.3026,1.81744,0.0
2024-01-05,HH_061,Semi-urban,0,8.3427,5.3959,2.9468,1.7909950000000001,0.0
2024-01-05,HH_062,Semi-urban,0,8.7631,5.5749,3.1882,1.871955,0.0
2024-01-06,HH_001,Semi-urban,0,13.6133,8.1717,5.4416,2.859165,0.0
2024-01-06,HH_002,Rural,0,5.2414,3.3618,1.8796,1.12239,0.0
2024-01-06,HH_003,Rural,1,5.0501000000000005,3.336,1.7141,1.0911149999999998,0.25250500000000003
2024-01-06,HH_004,Rural,0,5.1658,3.1264,2.0394,1.08751,0.0
2024-01-06,HH_005,Urban,0,13.6272,8.2713,5.3559,2.87121,0.0
2024-01-06,HH_006,Urban,0,8.396,5.3464,3.0496000000000003,1.79404,0.0
2024-01-06,HH_007,Urban,1,5.6975999999999996,4.3276,1.37,1.2874,0.28487999999999997
2024-01-06,HH_008,Rural,0,5.1808,3.2081999999999997,1.9726000000000001,1.09794,0.0
2024-01-06,HH_009,Rural,0,5.4462,3.2969999999999997,2.1492,1.14663,0.0
2024-01-06,HH_010,Rural,0,5.0588,3.2346,1.8242,1.08228,0.0
2024-01-06,HH_011,Urban,0,8.7386,5.529,3.2096,1.86369,0.0
2024-01-06,HH_012,Rural,1,4.2954,3.0759,1.2195,0.9519,0.21477000000000002
2024-01-06,HH_013,Rural,0,5.5001999999999995,3.3261,2.1741,1.15764,0.0
2024-01-06,HH_014,Semi-urban,0,8.7036,5.4224,3.2812,1.84778,0.0
2024-01-06,HH_015,Urban,1,5.7581,4.8469,0.9112,1.3484049999999999,0.287905
2024-01-06,HH_016,Urban,1,9.7369,7.4606,2.2763,2.206595,0.486845
2024-01-06,HH_017,Semi-urban,0,8.7064,5.2706,3.4358,1.8330199999999999,0.0
2024-01-06,HH_018,Rural,1,3.3512,2.643,0.7081999999999999,0.76698,0.16756000000000001
2024-01-06,HH_019,Semi-urban,0,8.3105,5.3112,2.9993000000000003,1.777695,0.0
2024-01-06,HH_020,Semi-urban,0,9.0806,5.4164,3.6642,1.90373,0.0
2024-01-06,HH_021,Rural,1,4.335,3.1962,1.1388,0.96987,0.21675
2024-01-06,HH_022,Urban,1,6.497,4.6743,1.8227,1.44198,0.32485
2024-01-06,HH_023,Semi-urban,1,5.845,4.5817,1.2633,1.3349199999999999,0.29225
2024-01-06,HH_024,Semi-urban,1,8.0365,5.2675,2.769,1.7322250000000001,0.40182500000000004
2024-01-06,HH_025,Semi-urban,0,8.3889,5.319,3.0699,1.790235,0.0
2024-01-06,HH_026,Rural,0,5.2084,3.1272,2.0812,1.09398,0.0
2024-01-06,HH_027,Urban,1,6.8991,5.05,1.8491,1.5398649999999998,0.344955
2024-01-06,HH_028,Rural,0,5.2695,3.2925,1.977,1.119675,0.0
2024-01-06,HH_029,Rural,1,4.8947,3.3259,1.5688,1.066795,0.24473500000000004
2024-01-06,HH_030,Urban,1,6.0378,4.8518,1.186,1.39085,0.30189
2024-01-06,HH_031,Rural,1,3.841,2.9261,0.9149,0.86876,0.19205000000000003
2024-01-06,HH_032,Urban,0,8.911999999999999,5.4555,3.4565,1.88235,0.0
2024-01-06,HH_033,Urban,0,12.7687,7.7729,4.9958,2.692595,0.0
2024-01-06,HH_034,Rural,0,4.9787,3.1279,1.8508,1.0595949999999998,0.0
2024-01-06,HH_035,Rural,0,5.2700000000000005,3.2016,2.0684,1.11066,0.0
2024-01-06,HH_036,Rural,0,5.4391,3.2516,2.1875,1.141025,0.0
2024-01-06,HH_037,Semi-urban,0,8.2955,5.1515,3.144,1.7594750000000001,0.0
2024-01-06,HH_038,Urban,0,8.562,5.3402,3.2218,1.81832,0.0
2024-01-06,HH_039,Rural,0,5.3101,3.2522,2.0579,1.1217350000000001,0.0
2024-01-06,HH_040,Semi-urban,0,8.9791,5.2781,3.701,1.874675,0.0
2024-01-06,HH_041,Urban,0,8.5652,5.4241,3.1411000000000002,1.82719,0.0
2024-01-06,HH_042,Semi-urban,0,8.811399999999999,5.3537,3.4577,1.8570799999999998,0.0
2024-01-06,HH_043,Urban,1,12.1972,8.1058,4.0914,2.64016,0.6098600000000001
2024-01-06,HH_044,Rural,0,5.2026,3.2396,1.963,1.10435,0.0
2024-01-06,HH_045,Semi-urban,0,8.7517,5.4927,3.259,1.862025,0.0
2024-01-06,HH_046,Rural,0,5.3418,3.2084,2.1334,1.12211,0.0
2024-01-06,HH_047,Semi-urban,1,6.4609,4.859,1.6018999999999999,1.455035,0.323045
2024-01-06,HH_048,Rural,0,5.0493,3.1107,1.9386,1.068465,0.0
2024-01-06,HH_049,Rural,0,4.9276,3.1938,1.7338,1.05852,0.0
2024-01-06,HH_050,Urban,0,14.2307,8.5101,5.7206,2.985615,0.0
2024-01-06,HH_051,Rural,0,5.2409,3.2359999999999998,2.0049,1.109735,0.0
2024-01-06,HH_052,Rural,0,5.4769,3.3034,2.1735,1.151875,0.0
2024-01-06,HH_053,Rural,0,5.0794,3.0889,1.9905,1.0708,0.0
2024-01-06,HH_054,Rural,0,5.1163,3.2224,1.8939,1.089685,0.0
2024-01-06,HH_055,Rural,1,4.1934,2.9333,1.2601,0.9223399999999999,0.20967
2024-01-06,HH_056,Rural,1,4.3284,3.0319,1.2965,0.9524499999999999,0.21642000000000003
2024-01-06,HH_057,Urban,0,8.336500000000001,5.3256000000000006,3.0109,1.7830350000000001,0.0
2024-01-06,HH_058,Urban,0,8.8984,5.4633,3.4351,1.88109,0.0
2024-01-06,HH_059,Urban,1,8.1472,5.1312,3.016,1.7351999999999999,0.40736
2024-01-06,HH_060,Semi-urban,0,8.6372,5.4444,3.1928,1.84002,0.0
2024-01-06,HH_061,Semi-urban,0,8.5867,5.3246,3.2620999999999998,1.820465,0.0
2024-01-06,HH_062,Semi-urban,0,2.5162,1.6799,0.8363,0.54542,0.0
2024-01-07,HH_001,Semi-urban,0,12.4953,7.7963000000000005,4.699,2.653925,0.0
2024-01-07,HH_002,Rural,0,5.1705,3.2077,1.9627999999999999,1.096345,0.0
2024-01-07,HH_003,Rural,1,5.8708,3.5316,2.3392,1.2337799999999999,0.29354
2024-01-07,HH_004,Rural,0,5.4298,3.2574,2.1724,1.14021,0.0
2024-01-07,HH_005,Urban,0,13.351700000000001,8.0314,5.3203,2.8058949999999996,0.0
2024-01-07,HH_006,Urban,0,8.4916,5.3055,3.1861,1.80429,0.0
2024-01-07,HH_007,Urban,1,6.2349,4.7793,1.4556,1.413165,0.311745
2024-01-07,HH_008,Rural,0,5.1201,3.2213,1.8988,1.090145,0.0
2024-01-07,HH_009,Rural,0,5.2389,3.2378,2.0011,1.109615,0.0
2024-01-07,HH_010,Rural,0,5.3562,3.2726,2.0836,1.13069,0.0
2024-01-07,HH_011,Urban,0,9.1535,5.3609,3.7926,1.909115,0.0
2024-01-07,HH_012,Rural,1,4.3803,3.0744,1.3059,0.9644849999999999,0.21901500000000002
2024-01-07,HH_013,Rural,0,5.4155,3.3061,2.1094,1.142935,0.0
2024-01-07,HH_014,Semi-urban,0,8.2827,5.2863,2.9964,1.771035,0.0
2024-01-07,HH_015,Urban,1,6.0186,4.8478,1.1708,1.3875700000000002,0.30093000000000003
2024-01-07,HH_016,Urban,1,9.1464,6.9211,2.2253,2.06407,0.45732
2024-01-07,HH_017,Semi-urban,0,8.6747,5.5476,3.1271,1.8559649999999999,0.0
2024-01-07,HH_018,Rural,1,3.5777,2.7934,0.7843,0.815995,0.17888500000000002
2024-01-07,HH_019,Semi-urban,0,8.5188,5.3517,3.1671,1.81299,0.0
2024-01-07,HH_020,Semi-urban,0,8.7912,5.4965,3.2946999999999997,1.86833,0.0
2024-01-07,HH_021,Rural,1,4.1959,3.0637,1.1321999999999999,0.9357549999999999,0.209795
2024-01-07,HH_022,Urban,1,6.8406,5.0843,1.7563,1.5345199999999999,0.34203000000000006
2024-01-07,HH_023,Semi-urban,1,6.3449,5.0302,1.3147,1.454755,0.317245
2024-01-07,HH_024,Semi-urban,1,8.3076,5.2969,3.0107,1.77583,0.4153800000000001
2024-01-07,HH_025,Semi-urban,0,8.6638,5.3971,3.2667,1.83928,0.0
2024-01-07,HH_026,Rural,0,5.2914,3.209,2.0824,1.1146099999999999,0.0
2024-01-07,HH_027,Urban,1,7.0614,4.9332,2.1282,1.55253,0.35307
2024-01-07,HH_028,Rural,0,5.2174,3.1832,2.0342,1.10093,0.0
2024-01-07,HH_029,Rural,1,4.731,3.0432,1.6878,1.01397,0.23655
2024-01-07,HH_030,Urban,1,5.9317,4.6478,1.2839,1.354535,0.29658500000000004
2024-01-07,HH_031,Rural,1,3.5301,2.7215,0.8086,0.801665,0.17650500000000002
2024-01-07,HH_032,Urban,0,8.623,5.4668,3.1562,1.84013,0.0
2024-01-07,HH_033,Urban,0,13.354,8.324,5.029999999999999,2.8354999999999997,0.0
2024-01-07,HH_034,Rural,0,5.167,3.1779,1.9890999999999999,1.09284,0.0
2024-01-07,HH_035,Rural,0,5.1954,3.1845,2.0109,1.09776,0.0
2024-01-07,HH_036,Rural,0,5.4012,3.259,2.1422,1.13608,0.0
2024-01-07,HH_037,Semi-urban,0,8.8097,5.3099,3.4998,1.852445,0.0
2024-01-07,HH_038,Urban,0,8.7441,5.5657,3.1784,1.868185,0.0
2024-01-07,HH_039,Rural,0,5.0755,3.2015000000000002,1.874,1.0814750000000002,0.0
2024-01-07,HH_040,Semi-urban,0,8.6603,5.2477,3.4126,1.823815,0.0
2024-01-07,HH_041,Urban,0,8.5529,5.2206,3.3323,1.804995,0.0
2024-01-07,HH_042,Semi-urban,0,8.9224,5.4624,3.46,1.8845999999999998,0.0
2024-01-07,HH_043,Urban,1,11.9107,7.7574,4.1533,2.5623449999999997,0.595535
2024-01-07,HH_044,Rural,0,5.246,3.1836,2.0624000000000002,1.1052600000000001,0.0
2024-01-07,HH_045,Semi-urban,0,9.1286,5.3716,3.757,1.90645,0.0
2024-01-07,HH_046,Rural,0,5.1663,3.1182,2.0481,1.086765,0.0
2024-01-07,HH_047,Semi-urban,1,7.066,5.0812,1.9848000000000001,1.56802,0.3533
2024-01-07,HH_048,Rural,0,5.3639,3.2918,2.0721,1.133765,0.0
2024-01-07,HH_049,Rural,0,5.1559,3.2209,1.935,1.095475,0.0
2024-01-07,HH_050,Urban,0,13.1658,7.7843,5.3815,2.7533,0.0
2024-01-07,HH_051,Rural,0,5.3796,3.3966000000000003,1.983,1.1466,0.0
2024-01-07,HH_052,Rural,0,5.214,3.3594,1.8546,1.11804,0.0
2024-01-07,HH_053,Rural,0,5.0948,3.1908,1.9040000000000001,1.0833,0.0
2024-01-07,HH_054,Rural,0,5.3784,3.3928,1.9856,1.14604,0.0
2024-01-07,HH_055,Rural,1,4.1495999999999995,3.0219,1.1277,0.92463,0.20748
2024-01-07,HH_056,Rural,1,4.0981,2.9366,1.1615,0.9083749999999999,0.204905
2024-01-07,HH_057,Urban,0,8.8995,5.436,3.4635000000000002,1.878525,0.0
2024-01-07,HH_058,Urban,0,8.5028,5.2001,3.3026999999999997,1.7954299999999999,0.0
2024-01-07,HH_059,Urban,1,8.1543,5.1471,3.0072,1.737855,0.407715
2024-01-07,HH_060,Semi-urban,0,8.3191,5.2617,3.0574,1.774035,0.0
2024-01-07,HH_061,Semi-urban,0,8.9821,5.5231,3.459,1.8996250000000001,0.0
2024-01-08,HH_001,Semi-urban,0,13.5543,8.0837,5.4706,2.8415150000000002,0.0
2024-01-08,HH_002,Rural,0,5.3289,3.2268,2.1021,1.122015,0.0
2024-01-08,HH_003,Rural,1,4.8389,3.1836,1.6553,1.044195,0.241945
2024-01-08,HH_004,Rural,0,5.3233,3.2748,2.0484999999999998,1.125975,0.0
2024-01-08,HH_005,Urban,0,12.9286,7.9049000000000005,5.0237,2.72978,0.0
2024-01-08,HH_006,Urban,0,8.6257,5.1562,3.4695,1.809475,0.0
2024-01-08,HH_007,Urban,1,6.1525,4.6867,1.4658,1.391545,0.30762500000000004
2024-01-08,HH_008,Rural,0,5.2934,3.344,1.9494,1.12841,0.0
2024-01-08,HH_009,Rural,0,4.9798,3.2049,1.7749000000000001,1.06746,0.0
2024-01-08,HH_010,Rural,0,4.975099999999999,3.1469,1.8281999999999998,1.0609549999999999,0.0
2024-01-08,HH_011,Urban,0,8.3582,5.2228,3.1353999999999997,1.77601,0.0
2024-01-08,HH_012,Rural,1,4.2488,3.0609,1.1879,0.9434100000000001,0.21244000000000002
2024-01-08,HH_013,Rural,0,4.9306,3.0053,1.9253,1.04012,0.0
2024-01-08,HH_014,Semi-urban,0,8.705,5.1623,3.5427,1.82198,0.0
2024-01-08,HH_015,Urban,1,5.5803,4.4863,1.094,1.285675,0.279015
2024-01-08,HH_016,Urban,1,9.264,6.978,2.286,2.0873999999999997,0.4632
2024-01-08,HH_017,Semi-urban,0,8.3794,5.2085,3.1709,1.77776,0.0
2024-01-08,HH_018,Rural,1,3.4991,2.7411,0.758,0.798975,0.174955
2024-01-08,HH_019,Semi-urban,0,8.7211,5.6701999999999995,3.0509,1.8751849999999999,0.0
2024-01-08,HH_020,Semi-urban,0,8.9269,5.4552,3.4717,1.8845549999999998,0.0
2024-01-08,HH_021,Rural,1,4.3538,3.1791,1.1746999999999999,0.97098,0.21769
2024-01-08,HH_022,Urban,1,6.9825,5.1494,1.8331,1.562315,0.349125
2024-01-08,HH_023,Semi-urban,1,6.1146,4.7438,1.3708,1.39157,0.30573000000000006
2024-01-08,HH_024,Semi-urban,1,8.179,5.0591,3.1199,1.7327599999999999,0.40895000000000004
2024-01-08,HH_025,Semi-urban,0,8.6717,5.4413,3.2304,1.844885,0.0
2024-01-08,HH_026,Rural,0,5.2054,3.2047,2.0007,1.10128,0.0
2024-01-08,HH_027,Urban,1,6.7359,4.8294,1.9065,1.493325,0.336795
2024-01-08,HH_028,Rural,0,5.1129999999999995,3.2385,1.8745,1.0908,0.0
2024-01-08,HH_029,Rural,1,4.8013,3.2765,1.5248,1.047845,0.24006500000000003
2024-01-08,HH_030,Urban,1,5.823,4.6614,1.1616,1.33959,0.29115
2024-01-08,HH_031,Rural,1,3.5614,2.7817000000000003,0.7797,0.8123800000000001,0.17807
2024-01-08,HH_032,Urban,0,8.7123,5.4227,3.2896,1.8491149999999998,0.0
2024-01-08,HH_033,Urban,0,12.7166,7.9335,4.7831,2.7008400000000004,0.0
2024-01-08,HH_034,Rural,0,4.9111,3.1263,1.7848,1.0492949999999999,0.0
2024-01-08,HH_035,Rural,0,5.392,3.2519,2.1401,1.13399,0.0
2024-01-08,HH_036,Rural,0,5.087,3.1886,1.8983999999999999,1.08191,0.0
2024-01-08,HH_037,Semi-urban,0,8.7318,5.5702,3.1616,1.86679,0.0
2024-01-08,HH_038,Urban,0,8.3764,5.1212,3.2552,1.76858,0.0
2024-01-08,HH_039,Rural,0,5.4708,3.4699,2.0009,1.16761,0.0
2024-01-08,HH_040,Semi-urban,0,8.6578,5.3459,3.3119,1.8332600000000001,0.0
2024-01-08,HH_041,Urban,0,8.412,5.3939,3.0181,1.80119,0.0
2024-01-08,HH_042,Semi-urban,0,9.1662,5.5153,3.6509,1.92646,0.0
2024-01-08,HH_043,Urban,1,11.6401,8.029,3.6111,2.548915,0.582005
2024-01-08,HH_044,Rural,0,6.2093,4.2505,1.9587999999999999,1.356445,0.0
2024-01-08,HH_045,Semi-urban,0,9.0765,5.6441,3.4324,1.925885,0.0
2024-01-08,HH_046,Rural,0,5.0991,3.1167000000000002,1.9824,1.076535,0.0
2024-01-08,HH_047,Semi-urban,1,6.9326,5.0598,1.8728,1.54587,0.34663
2024-01-08,HH_048,Rural,0,5.2905,3.1891,2.1014,1.112485,0.0
2024-01-08,HH_049,Rural,0,5.5511,3.316,2.2351,1.1642649999999999,0.0
2024-01-08,HH_050,Urban,0,12.9356,7.8363,5.0992999999999995,2.7239699999999996,0.0
2024-01-08,HH_051,Rural,0,5.139,3.1233,2.0157,1.08318,0.0
2024-01-08,HH_052,Rural,0,5.244,3.1522,2.0918,1.10182,0.0
2024-01-08,HH_053,Rural,0,5.4055,3.2256,2.1799,1.133385,0.0
2024-01-08,HH_054,Rural,0,5.3107999999999995,3.1863,2.1245,1.11525,0.0
2024-01-08,HH_055,Rural,1,4.1621,3.0447,1.1174,0.928785,0.20810499999999998
2024-01-08,HH_056,Rural,1,4.236,3.1211,1.1149,0.9475100000000001,0.2118
2024-01-08,HH_057,Urban,0,8.671800000000001,5.456300000000001,3.2155,1.8464,0.0
2024-01-08,HH_058,Urban,0,8.568999999999999,5.1379,3.4311,1.79914,0.0
2024-01-08,HH_059,Urban,1,8.1527,5.1594,2.9933,1.738845,0.40763499999999997
2024-01-08,HH_060,Semi-urban,0,8.3828,5.1299,3.2529,1.77041,0.0
2024-01-08,HH_061,Semi-urban,0,8.286,5.102,3.184,1.7531,0.0
2024-01-09,HH_001,Semi-urban,0,14.2399,8.4475,5.7924,2.980735,0.0
2024-01-09,HH_002,Rural,0,5.4846,3.3466,2.138,1.15735,0.0
2024-01-09,HH_003,Rural,1,4.6067,3.0211,1.5856000000000001,0.993115,0.230335
2024-01-09,HH_004,Rural,0,5.1642,3.0998,2.0644,1.08461,0.0
2024-01-09,HH_005,Urban,0,12.398,7.620100000000001,4.7779,2.62171,0.0
2024-01-09,HH_006,Urban,0,8.5941,5.2200999999999995,3.374,1.8111249999999999,0.0
2024-01-09,HH_007,Urban,1,5.9921,4.5139,1.4782,1.3502049999999999,0.299605
2024-01-09,HH_008,Rural,0,4.7581,3.0818,1.6763000000000001,1.021895,0.0
2024-01-09,HH_009,Rural,0,5.1764,3.1088999999999998,2.0675,1.0873499999999998,0.0
2024-01-09,HH_010,Rural,0,5.0575,3.1364,1.9211,1.072265,0.0
2024-01-09,HH_011,Urban,0,8.5939,5.1474,3.4465,1.803825,0.0
2024-01-09,HH_012,Rural,1,4.2783,3.0169,1.2614,0.943435,0.213915
2024-01-09,HH_013,Rural,0,5.229,3.0935,2.1355,1.0937000000000001,0.0
2024-01-09,HH_014,Semi-urban,0,8.4552,5.3358,3.1194,1.80186,0.0
2024-01-09,HH_015,Urban,1,5.8677,4.6684,1.1993,1.346995,0.293385
2024-01-09,HH_016,Urban,1,9.6511,7.484,2.1671,2.196065,0.482555
2024-01-09,HH_017,Semi-urban,0,8.7796,5.369,3.4106,1.85384,0.0
2024-01-09,HH_018,Rural,1,3.5353,2.754,0.7813,0.805695,0.176765
2024-01-09,HH_019,Semi-urban,0,8.6296,5.4735000000000005,3.1561,1.84179,0.0
2024-01-09,HH_020,Semi-urban,0,8.5811,5.3379,3.2432,1.820955,0.0
2024-01-09,HH_021,Rural,1,4.1903,3.007,1.1833,0.929245,0.209515
2024-01-09,HH_022,Urban,1,6.6267,4.7862,1.8405,1.472625,0.331335
2024-01-09,HH_023,Semi-urban,1,5.867,4.6924,1.1746,1.34929,0.29335
2024-01-09,HH_024,Semi-urban,1,8.1744,5.136,3.0383999999999998,1.73976,0.40872
2024-01-09,HH_025,Semi-urban,0,8.6423,5.4638,3.1785,1.842725,0.0
2024-01-09,HH_026,Rural,0,5.2712,3.2809,1.9903,1.11877,0.0
2024-01-09,HH_027,Urban,1,6.9431,5.0053,1.9378000000000002,1.541995,0.34715500000000005
2024-01-09,HH_028,Rural,0,5.2864,3.189,2.0974,1.11186,0.0
2024-01-09,HH_029,Rural,1,4.8450999999999995,3.1531000000000002,1.692,1.042075,0.242255
2024-01-09,HH_030,Urban,1,5.8833,4.6652000000000005,1.2181,1.349015,0.294165
2024-01-09,HH_031,Rural,1,3.5042,2.6549,0.8493,0.79112,0.17521
2024-01-09,HH_032,Urban,0,8.5915,5.3466000000000005,3.2449,1.823385,0.0
2024-01-09,HH_033,Urban,0,13.8269,8.2697,5.5572,2.901005,0.0
2024-01-09,HH_034,Rural,0,5.2053,3.1526,2.0526999999999997,1.096055,0.0
2024-01-09,HH_035,Rural,0,5.2857,3.1202,2.1654999999999998,1.104875,0.0
2024-01-09,HH_036,Rural,0,5.22,3.2535,1.9665,1.10835,0.0
2024-01-09,HH_037,Semi-urban,0,8.902,5.4105,3.4915000000000003,1.87635,0.0
2024-01-09,HH_038,Urban,0,8.892900000000001,5.493,3.3999,1.883235,0.0
2024-01-09,HH_039,Rural,0,5.2863,3.1921,2.0942,1.112155,0.0
2024-01-09,HH_040,Semi-urban,0,7.8858,5.058,2.8278,1.68867,0.0
2024-01-09,HH_041,Urban,0,8.441699999999999,5.2382,3.2035,1.7900749999999999,0.0
2024-01-09,HH_042,Semi-urban,0,8.870099999999999,5.2753,3.5948,1.858045,0.0
2024-01-09,HH_043,Urban,1,12.49,7.8503,4.6396999999999995,2.65853,0.6245
2024-01-09,HH_044,Rural,0,5.2124,3.1991,2.0133,1.1017700000000001,0.0
2024-01-09,HH_045,Semi-urban,0,8.7094,5.4805,3.2289,1.85446,0.0
2024-01-09,HH_046,Rural,0,5.1381,3.0089,2.1292,1.071605,0.0
2024-01-09,HH_047,Semi-urban,1,6.5743,4.8838,1.6905,1.4745249999999999,0.32871500000000003
2024-01-09,HH_048,Rural,0,4.9977,3.0581,1.9396,1.0554649999999999,0.0
2024-01-09,HH_049,Rural,0,5.0046,3.1733,1.8313,1.06802,0.0
2024-01-09,HH_050,Urban,0,12.9661,8.146,4.8201,2.7595150000000004,0.0
2024-01-09,HH_051,Rural,0,5.2473,3.2078,2.0395,1.107875,0.0
2024-01-09,HH_052,Rural,0,5.1425,3.1625,1.98,1.087625,0.0
2024-01-09,HH_053,Rural,0,5.3064,3.214,2.0924,1.11736,0.0
2024-01-09,HH_054,Rural,0,5.4751,3.5004999999999997,1.9746,1.1713149999999999,0.0
2024-01-09,HH_055,Rural,1,4.2157,2.9555,1.2602,0.927905,0.210785
2024-01-09,HH_056,Rural,1,4.2881,3.0093,1.2788,0.944145,0.214405
2024-01-09,HH_057,Urban,0,8.6622,5.1726,3.4896,1.81659,0.0
2024-01-09,HH_058,Urban,0,8.6782,5.4352,3.243,1.84525,0.0
2024-01-09,HH_059,Urban,1,8.5613,5.506,3.0553,1.834795,0.428065
2024-01-09,HH_060,Semi-urban,0,9.100200000000001,5.3095,3.7906999999999997,1.8959799999999998,0.0
2024-01-09,HH_061,Semi-urban,0,9.0957,5.3977,3.698,1.904125,0.0
2024-01-10,HH_001,Semi-urban,0,12.6034,7.8313,4.7721,2.67364,0.0
2024-01-10,HH_002,Rural,0,5.0087,3.0413,1.9674,1.0554350000000001,0.0
2024-01-10,HH_003,Rural,1,4.707,3.0296000000000003,1.6774,1.00901,0.23535
2024-01-10,HH_004,Rural,0,5.2926,3.1405,2.1521,1.10794,0.0
2024-01-10,HH_005,Urban,0,13.4323,7.9796,5.4527,2.812805,0.0
2024-01-10,HH_006,Urban,0,8.4068,5.2257,3.1811,1.7835899999999998,0.0
2024-01-10,HH_007,Urban,1,5.9594000000000005,4.7759,1.1835,1.3715,0.29797
2024-01-10,HH_008,Rural,0,5.2583,3.2132,2.0451,1.110065,0.0
2024-01-10,HH_009,Rural,0,5.2143,3.3061,1.9082,1.112755,0.0
2024-01-10,HH_010,Rural,0,5.0857,3.3457,1.74,1.0974249999999999,0.0
2024-01-10,HH_011,Urban,0,8.698500000000001,5.3574,3.3411,1.840515,0.0
2024-01-10,HH_012,Rural,1,4.5146,3.231,1.2836,1.00029,0.22573
2024-01-10,HH_013,Rural,0,5.1821,3.3277,1.8544,1.110085,0.0
2024-01-10,HH_014,Semi-urban,0,8.6221,5.1038,3.5183,1.8036949999999998,0.0
2024-01-10,HH_015,Urban,1,5.8841,4.4354000000000005,1.4487,1.3261550000000002,0.294205
2024-01-10,HH_016,Urban,1,10.0898,7.401400000000001,2.6884,2.25361,0.50449
2024-01-10,HH_017,Semi-urban,0,8.7397,5.2827,3.457,1.8392249999999999,0.0
2024-01-10,HH_018,Rural,1,3.6419,2.9258,0.7161,0.8388650000000001,0.182095
2024-01-10,HH_019,Semi-urban,0,8.623099999999999,5.3353,3.2878000000000003,1.8269950000000001,0.0
2024-01-10,HH_020,Semi-urban,0,8.4496,5.1927,3.2569,1.78671,0.0
2024-01-10,HH_021,Rural,1,3.9983,2.8213999999999997,1.1769,0.8818849999999999,0.199915
2024-01-10,HH_022,Urban,1,6.6438,5.0267,1.6171,1.49924,0.33219
2024-01-10,HH_023,Semi-urban,1,5.7928,4.4524,1.3404,1.31416,0.28964
2024-01-10,HH_024,Semi-urban,1,8.4647,5.6028,2.8619,1.829985,0.42323500000000003
2024-01-10,HH_025,Semi-urban,0,8.7986,5.3401,3.4585,1.8538,0.0
2024-01-10,HH_026,Rural,0,5.1594,2.9569,2.2025,1.0696,0.0
2024-01-10,HH_027,Urban,1,6.4860999999999995,4.8370999999999995,1.649,1.4566249999999998,0.324305
2024-01-10,HH_028,Rural,0,5.2137,3.1909,2.0228,1.101145,0.0
2024-01-10,HH_029,Rural,1,4.7673,3.0417,1.7256,1.019265,0.238365
2024-01-10,HH_030,Urban,1,5.7409,4.6122,1.1287,1.322355,0.287045
2024-01-10,HH_031,Rural,1,3.4287,2.6857,0.743,0.782875,0.171435
2024-01-10,HH_032,Urban,0,8.6587,5.5521,3.1066,1.854015,0.0
2024-01-10,HH_033,Urban,0,12.2985,8.0694,4.2291,2.651715,0.0
2024-01-10,HH_034,Rural,0,5.2667,3.2647,2.0020000000000002,1.1164749999999999,0.0
2024-01-10,HH_035,Rural,0,4.8538,3.063,1.7908,1.03437,0.0
2024-01-10,HH_036,Rural,0,5.2818,3.2586,2.0232,1.11813,0.0
2024-01-10,HH_037,Semi-urban,0,8.765,5.2301,3.5349,1.83776,0.0
2024-01-10,HH_038,Urban,0,8.4794,5.2448,3.2346,1.79639,0.0
2024-01-10,HH_039,Rural,0,5.1392,3.3,1.8392,1.1008799999999999,0.0
2024-01-10,HH_040,Semi-urban,0,8.7263,5.2424,3.4839,1.8331849999999998,0.0
2024-01-10,HH_041,Urban,0,8.8636,5.5212,3.3424,1.88166,0.0
2024-01-10,HH_042,Semi-urban,0,8.3673,5.2983,3.069,1.784925,0.0
2024-01-10,HH_043,Urban,1,12.2432,8.0242,4.219,2.6389,0.61216
2024-01-10,HH_044,Rural,0,5.3064,3.3183000000000002,1.9881,1.12779,0.0
2024-01-10,HH_045,Semi-urban,0,8.5629,5.4604,3.1025,1.8304749999999999,0.0
2024-01-10,HH_046,Rural,0,5.3477,3.1266000000000003,2.2211,1.1148150000000001,0.0
2024-01-10,HH_047,Semi-urban,1,6.6382,4.8677,1.7705000000000002,1.4825,0.33191000000000004
2024-01-10,HH_048,Rural,0,5.0279,3.1445,1.8834,1.068635,0.0
2024-01-10,HH_049,Rural,0,5.2141,3.2065,2.0076,1.102765,0.0
2024-01-10,HH_050,Urban,0,12.9296,7.9321,4.9975,2.73265,0.0
2024-01-10,HH_051,Rural,0,5.3352,3.2974,2.0378,1.13002,0.0
2024-01-10,HH_052,Rural,0,5.0432,3.1871,1.8561,1.07519,0.0
2024-01-10,HH_053,Rural,0,5.0035,3.1211,1.8824,1.062635,0.0
2024-01-10,HH_054,Rural,0,5.7486,3.296,2.4526,1.19189,0.0
2024-01-10,HH_055,Rural,1,4.0497,3.0933,0.9564,0.9167850000000001,0.202485
2024-01-10,HH_056,Rural,1,4.2577,2.8742,1.3835,0.926075,0.212885
2024-01-10,HH_057,Urban,0,8.768,5.3732999999999995,3.3947000000000003,1.8525299999999998,0.0
2024-01-10,HH_058,Urban,0,8.7759,5.3722,3.4037,1.853605,0.0
2024-01-10,HH_059,Urban,1,8.8249,5.7945,3.0304,1.9031850000000001,0.441245
2024-01-10,HH_060,Semi-urban,0,8.704,5.2056,3.4983999999999997,1.8261599999999998,0.0
2024-01-10,HH_061,Semi-urban,0,7.9919,5.0604000000000005,2.9314999999999998,1.704825,0.0
2024-01-11,HH_001,Semi-urban,0,12.8051,7.7341,5.071,2.694175,0.0
2024-01-11,HH_002,Rural,0,5.2287,3.3081,1.9205999999999999,1.1151149999999999,0.0
2024-01-11,HH_003,Rural,1,4.501,3.0535,1.4475,0.9805,0.22505000000000003
2024-01-11,HH_004,Rural,0,5.1246,3.1389,1.9857,1.08258,0.0
2024-01-11,HH_005,Urban,0,13.4109,7.9751,5.4358,2.809145,0.0
2024-01-11,HH_006,Urban,0,8.6128,5.268,3.3448,1.81872,0.0
2024-01-11,HH_007,Urban,1,5.8619,4.6327,1.2292,1.342555,0.29309500000000005
2024-01-11,HH_008,Rural,0,5.5323,3.2688,2.2635,1.156725,0.0
2024-01-11,HH_009,Rural,0,5.2424,3.1448,2.0976,1.10084,0.0
2024-01-11,HH_010,Rural,0,5.3815,3.1572,2.2243,1.122945,0.0
2024-01-11,HH_011,Urban,0,8.4363,5.4014,3.0349,1.8055849999999998,0.0
2024-01-11,HH_012,Rural,1,4.5135000000000005,3.1753,1.3382,0.994555,0.22567500000000004
2024-01-11,HH_013,Rural,0,5.1596,3.2711,1.8885,1.10105,0.0
2024-01-11,HH_014,Semi-urban,0,8.6445,5.3278,3.3167,1.8294549999999998,0.0
2024-01-11,HH_015,Urban,1,5.9233,4.6876,1.2357,1.3572549999999999,0.296165
2024-01-11,HH_016,Urban,1,9.152800000000001,7.1938,1.959,2.0923000000000003,0.45764000000000005
2024-01-11,HH_017,Semi-urban,0,8.9841,5.5045,3.4796,1.898065,0.0
2024-01-11,HH_018,Rural,1,3.6117,2.9024,0.7093,0.831995,0.180585
2024-01-11,HH_019,Semi-urban,0,8.5777,5.3795,3.1982,1.824605,0.0
2024-01-11,HH_020,Semi-urban,0,8.6712,5.4190000000000005,3.2522,1.84258,0.0
2024-01-11,HH_021,Rural,1,4.2886,2.9699999999999998,1.3186,0.94029,0.21443
2024-01-11,HH_022,Urban,1,6.5323,4.8733,1.6589999999999998,1.4671750000000001,0.32661500000000004
2024-01-11,HH_023,Semi-urban,1,5.4796,4.4776,1.002,1.2696999999999998,0.27398
2024-01-11,HH_024,Semi-urban,1,8.3444,5.3741,2.9703,1.7890700000000002,0.41722000000000004
2024-01-11,HH_025,Semi-urban,0,8.7712,5.4274000000000004,3.3438,1.8584200000000002,0.0
2024-01-11,HH_026,Rural,0,5.03,3.2086,1.8214000000000001,1.07536,0.0
2024-01-11,HH_027,Urban,1,6.7507,4.8643,1.8864,1.4990350000000001,0.33753500000000003
2024-01-11,HH_028,Rural,0,5.2472,3.096,2.1512000000000002,1.09668,0.0
2024-01-11,HH_029,Rural,1,4.7695,3.1531,1.6164,1.030735,0.238475
2024-01-11,HH_030,Urban,1,6.1715,4.9622,1.2093,1.421945,0.30857500000000004
2024-01-11,HH_031,Rural,1,3.4563,2.846,0.6103000000000001,0.803045,0.17281500000000002
2024-01-11,HH_032,Urban,0,8.5327,5.3042,3.2285,1.810325,0.0
2024-01-11,HH_033,Urban,0,12.381499999999999,8.0162,4.3653,2.658845,0.0
2024-01-11,HH_034,Rural,0,5.2547,3.1761,2.0786000000000002,1.105815,0.0
2024-01-11,HH_035,Rural,0,5.2548,3.2787,1.9761,1.11609,0.0
2024-01-11,HH_036,Rural,0,5.8582,3.9639,1.8943,1.27512,0.0
2024-01-11,HH_037,Semi-urban,0,8.9144,5.5181000000000004,3.3963,1.88897,0.0
2024-01-11,HH_038,Urban,0,8.7195,5.3877,3.3318,1.846695,0.0
2024-01-11,HH_039,Rural,0,5.2581999999999995,3.2247,2.0335,1.1112,0.0
2024-01-11,HH_040,Semi-urban,0,8.5798,5.3204,3.2594000000000003,1.81901,0.0
2024-01-11,HH_041,Urban,0,8.8232,5.2328,3.5904,1.84676,0.0
2024-01-11,HH_042,Semi-urban,0,8.8209,5.3858,3.4351000000000003,1.8617149999999998,0.0
2024-01-11,HH_043,Urban,1,11.9723,7.6759,4.2964,2.563435,0.598615
2024-01-11,HH_044,Rural,0,4.9689,3.0857,1.8832,1.053905,0.0
2024-01-11,HH_045,Semi-urban,0,8.8729,5.2989999999999995,3.5739,1.8608349999999998,0.0
2024-01-11,HH_046,Rural,0,5.1415,3.2428,1.8987,1.095505,0.0
2024-01-11,HH_047,Semi-urban,1,7.4022,5.3668,2.0354,1.6470099999999999,0.37011
2024-01-11,HH_048,Rural,0,5.2674,3.3865000000000003,1.8809,1.12876,0.0
2024-01-11,HH_049,Rural,0,5.9388,3.3139,2.6249,1.22221,0.0
2024-01-11,HH_050,Urban,0,12.6263,7.7694,4.8568999999999996,2.670885,0.0
2024-01-11,HH_051,Rural,0,5.0639,3.2107,1.8532,1.0806550000000001,0.0
2024-01-11,HH_052,Rural,0,5.2297,3.1803999999999997,2.0493,1.102495,0.0
2024-01-11,HH_053,Rural,0,5.4096,3.3188999999999997,2.0907,1.14333,0.0
2024-01-11,HH_054,Rural,0,5.1115,3.2745,1.837,1.094175,0.0
2024-01-11,HH_055,Rural,1,4.3696,2.9762,1.3934,0.95306,0.21848
2024-01-11,HH_056,Rural,1,4.2905,3.0199,1.2706,0.945565,0.214525
2024-01-11,HH_057,Urban,0,8.4301,5.4073,3.0227999999999997,1.805245,0.0
2024-01-11,HH_058,Urban,0,8.5611,5.3019,3.2592,1.814355,0.0
2024-01-11,HH_059,Urban,1,8.0261,5.4183,2.6078,1.745745,0.401305
2024-01-11,HH_060,Semi-urban,0,8.511,5.2431,3.2679,1.80096,0.0
2024-01-11,HH_061,Semi-urban,0,8.3881,5.4021,2.9859999999999998,1.798425,0.0
2024-01-12,HH_001,Semi-urban,0,13.0406,7.9384,5.1022,2.74993,0.0
2024-01-12,HH_002,Rural,0,5.2406,3.208,2.0326,1.10689,0.0
2024-01-12,HH_003,Rural,1,4.7726,3.0761000000000003,1.6965,1.0235,0.23863
2024-01-12,HH_004,Rural,0,5.367,3.3399,2.0271,1.13904,0.0
2024-01-12,HH_005,Urban,0,13.002600000000001,8.0703,4.9323,2.7574199999999998,0.0
2024-01-12,HH_006,Urban,0,8.2287,5.1855,3.0432,1.752855,0.0
2024-01-12,HH_007,Urban,1,5.6385,4.5719,1.0666,1.3029650000000002,0.281925
2024-01-12,HH_008,Rural,0,5.3886,3.3797,2.0089,1.14626,0.0
2024-01-12,HH_009,Rural,0,5.4282,3.3141,2.1141,1.14564,0.0
2024-01-12,HH_010,Rural,0,5.3093,3.2355,2.0738,1.119945,0.0
2024-01-12,HH_011,Urban,0,8.83,5.4088,3.4212000000000002,1.86538,0.0
2024-01-12,HH_012,Rural,1,4.3102,2.9760999999999997,1.3341,0.94414,0.21551
2024-01-12,HH_013,Rural,0,5.2164,3.3945,1.8219,1.12191,0.0
2024-01-12,HH_014,Semi-urban,0,8.6721,5.2752,3.3969,1.828335,0.0
2024-01-12,HH_015,Urban,1,5.8115,4.5439,1.2676,1.326115,0.29057499999999997
2024-01-12,HH_016,Urban,1,9.9574,7.4604,2.497,2.23965,0.49787000000000003
2024-01-12,HH_017,Semi-urban,0,8.5649,5.4165,3.1484,1.8263850000000001,0.0
2024-01-12,HH_018,Rural,1,3.4224,2.7840000000000003,0.6384,0.79176,0.17112000000000002
2024-01-12,HH_019,Semi-urban,0,8.5512,5.1196,3.4316,1.79464,0.0
2024-01-12,HH_020,Semi-urban,0,8.504,5.327,3.177,1.8083,0.0
2024-01-12,HH_021,Rural,1,4.1934000000000005,2.9137,1.2797,0.92038,0.20967000000000002
2024-01-12,HH_022,Urban,1,6.6463,4.8624,1.7839,1.483185,0.332315
2024-01-12,HH_023,Semi-urban,1,5.7875,4.4203,1.3672,1.310155,0.289375
2024-01-12,HH_024,Semi-urban,1,8.1619,5.3292,2.8327,1.757205,0.408095
2024-01-12,HH_025,Semi-urban,0,8.762,5.3746,3.3874,1.85176,0.0
2024-01-12,HH_026,Rural,0,5.1203,3.232,1.8883,1.091245,0.0
2024-01-12,HH_027,Urban,1,6.5901,5.0153,1.5748,1.4900449999999998,0.329505
2024-01-12,HH_028,Rural,0,5.1522,3.2185,1.9337,1.09468,0.0
2024-01-12,HH_029,Rural,1,4.5784,3.1427,1.4357,1.00103,0.22892
2024-01-12,HH_030,Urban,1,5.8727,4.4369,1.4358,1.324595,0.29363500000000003
2024-01-12,HH_031,Rural,1,3.694,2.9331,0.7609,0.84741,0.1847
2024-01-12,HH_032,Urban,0,8.6872,5.3239,3.3633,1.83547,0.0
2024-01-12,HH_033,Urban,0,12.5661,7.8574,4.7087,2.670655,0.0
2024-01-12,HH_034,Rural,0,5.3439,3.3765,1.9674,1.139235,0.0
2024-01-12,HH_035,Rural,0,5.4807,3.3566000000000003,2.1241,1.157765,0.0
2024-01-12,HH_036,Rural,0,5.7917000000000005,3.2606,2.5311,1.194815,0.0
2024-01-12,HH_037,Semi-urban,0,8.562100000000001,5.3063,3.2558,1.814945,0.0
2024-01-12,HH_038,Urban,0,8.6669,5.1977,3.4692,1.8198050000000001,0.0
2024-01-12,HH_039,Rural,0,5.2578,3.2359999999999998,2.0218,1.1122699999999999,0.0
2024-01-12,HH_040,Semi-urban,0,8.9475,5.4561,3.4914,1.8877350000000002,0.0
2024-01-12,HH_041,Urban,0,8.9555,5.4723,3.4832,1.890555,0.0
2024-01-12,HH_042,Semi-urban,0,8.850999999999999,5.2629,3.5881,1.8539400000000001,0.0
2024-01-12,HH_043,Urban,1,11.8489,7.9824,3.8665,2.5755749999999997,0.592445
2024-01-12,HH_044,Rural,0,5.228,3.3151,1.9129,1.11571,0.0
2024-01-12,HH_045,Semi-urban,0,8.4706,5.2805,3.1900999999999997,1.7986399999999998,0.0
2024-01-12,HH_046,Rural,0,5.2957,3.3125,1.9832,1.125605,0.0
2024-01-12,HH_047,Semi-urban,1,6.6854,4.8815,1.8039,1.49096,0.33427
2024-01-12,HH_048,Rural,0,5.2497,3.2634,1.9863,1.1137949999999999,0.0
2024-01-12,HH_049,Rural,0,5.4086,3.3615,2.0471,1.14744,0.0
2024-01-12,HH_050,Urban,0,12.1976,7.5883,4.6093,2.58847,0.0
2024-01-12,HH_051,Rural,0,5.131,3.1868,1.9442,1.08833,0.0
2024-01-12,HH_052,Rural,0,5.4363,3.2603,2.176,1.141475,0.0
2024-01-12,HH_053,Rural,0,5.2093,3.1969,2.0124,1.1010849999999999,0.0
2024-01-12,HH_054,Rural,0,5.1312999999999995,3.3407999999999998,1.7905,1.103775,0.0
2024-01-12,HH_055,Rural,1,4.3056,3.0476,1.258,0.9506,0.21528000000000003
2024-01-12,HH_056,Rural,1,4.191,2.9415,1.2495,0.9228000000000001,0.20955000000000001
2024-01-12,HH_057,Urban,0,8.502699999999999,5.2437,3.259,1.799775,0.0
2024-01-12,HH_058,Urban,0,8.9649,5.3404,3.6245,1.8787749999999999,0.0
2024-01-12,HH_059,Urban,1,8.21,5.1498,3.0602,1.74648,0.4105000000000001
2024-01-12,HH_060,Semi-urban,0,8.2457,5.2288,3.0169,1.759735,0.0
2024-01-12,HH_061,Semi-urban,0,8.6506,5.4424,3.2081999999999997,1.8418299999999999,0.0
2024-01-13,HH_001,Semi-urban,0,13.3241,8.324,5.0001,2.831015,0.0
2024-01-13,HH_002,Rural,0,5.2066,3.1615,2.0451,1.09714,0.0
2024-01-13,HH_003,Rural,1,4.5037,2.9941,1.5096,0.974965,0.22518500000000002
2024-01-13,HH_004,Rural,0,5.0676,3.165,1.9026,1.07664,0.0
2024-01-13,HH_005,Urban,0,12.8529,7.791300000000001,5.0616,2.707065,0.0
2024-01-13,HH_006,Urban,0,8.9418,5.367,3.5748,1.87797,0.0
2024-01-13,HH_007,Urban,1,6.1382,4.8313,1.3069,1.4038599999999999,0.30691
2024-01-13,HH_008,Rural,0,5.1822,3.0849,2.0973,1.08582,0.0
2024-01-13,HH_009,Rural,0,5.0948,3.0537,2.0411,1.06959,0.0
2024-01-13,HH_010,Rural,0,4.9738,3.1732,1.8006,1.06339,0.0
2024-01-13,HH_011,Urban,0,8.6578,5.3563,3.3015,1.8343,0.0
2024-01-13,HH_012,Rural,1,4.0825,2.8706,1.2119,0.899435,0.204125
2024-01-13,HH_013,Rural,0,5.0594,3.2418,1.8176,1.0830899999999999,0.0
2024-01-13,HH_014,Semi-urban,0,8.1586,5.2867,2.8719,1.75246,0.0
2024-01-13,HH_015,Urban,1,5.8322,4.7025999999999994,1.1296,1.34509,0.29161000000000004
2024-01-13,HH_016,Urban,1,9.683300000000001,7.343,2.3403,2.186795,0.48416500000000007
2024-01-13,HH_017,Semi-urban,0,8.3051,5.2401,3.065,1.769775,0.0
2024-01-13,HH_018,Rural,1,3.5581,2.7628,0.7953,0.809995,0.177905
2024-01-13,HH_019,Semi-urban,0,8.8901,5.2734,3.6167,1.860855,0.0
2024-01-13,HH_020,Semi-urban,0,8.6266,5.3774,3.2492,1.8317299999999999,0.0
2024-01-13,HH_021,Rural,1,4.2469,2.9558,1.2911000000000001,0.932615,0.212345
2024-01-13,HH_022,Urban,1,7.0452,5.102,1.9432,1.56698,0.35226
2024-01-13,HH_023,Semi-urban,1,5.9042,4.5987,1.3054999999999999,1.3455,0.29521000000000003
2024-01-13,HH_024,Semi-urban,1,8.1776,4.9491000000000005,3.2285,1.7215500000000001,0.40888
2024-01-13,HH_025,Semi-urban,0,8.814,5.3207,3.4933,1.85417,0.0
2024-01-13,HH_026,Rural,0,5.2632,3.1932,2.07,1.1088,0.0
2024-01-13,HH_027,Urban,1,6.4968,4.8403,1.6565,1.45855,0.32484
2024-01-13,HH_028,Rural,0,5.4231,3.3317,2.0914,1.146635,0.0
2024-01-13,HH_029,Rural,1,4.8225,3.1165,1.706,1.0350249999999999,0.241125
2024-01-13,HH_030,Urban,1,5.9571,4.8072,1.1499,1.374285,0.297855
2024-01-13,HH_031,Rural,1,3.5102,2.7918,0.7184,0.8057099999999999,0.17551000000000003
2024-01-13,HH_032,Urban,0,8.7649,5.4575,3.3074,1.8604849999999997,0.0
2024-01-13,HH_033,Urban,0,13.1038,8.059000000000001,5.0447999999999995,2.7714700000000003,0.0
2024-01-13,HH_034,Rural,0,4.9845,3.1329,1.8516,1.060965,0.0
2024-01-13,HH_035,Rural,0,4.9862,3.1318,1.8544,1.06111,0.0
2024-01-13,HH_036,Rural,0,5.3251,3.2215000000000003,2.1036,1.120915,0.0
2024-01-13,HH_037,Semi-urban,0,9.0771,5.2292,3.8479,1.8844849999999997,0.0
2024-01-13,HH_038,Urban,0,8.7119,5.4978,3.2141,1.856565,0.0
2024-01-13,HH_039,Rural,0,5.1495999999999995,3.1526,1.9969999999999999,1.0877,0.0
2024-01-13,HH_040,Semi-urban,0,9.330499999999999,5.4836,3.8468999999999998,1.947935,0.0
2024-01-13,HH_041,Urban,0,9.1143,5.5609,3.5534,1.923235,0.0
2024-01-13,HH_042,Semi-urban,0,8.6489,5.3772,3.2717,1.835055,0.0
2024-01-13,HH_043,Urban,1,12.735899999999999,8.1491,4.5868,2.725295,0.636795
2024-01-13,HH_044,Rural,0,5.3809,3.2094,2.1715,1.128075,0.0
2024-01-13,HH_045,Semi-urban,0,8.8208,5.3411,3.4797000000000002,1.85723,0.0
2024-01-13,HH_046,Rural,0,5.1678,3.1707,1.9971,1.09224,0.0
2024-01-13,HH_047,Semi-urban,1,7.1084,5.1201,1.9883,1.5782699999999998,0.35542
2024-01-13,HH_048,Rural,0,5.1738,3.0524,2.1214,1.08131,0.0
2024-01-13,HH_049,Rural,0,5.5909,3.3348,2.2561,1.172115,0.0
2024-01-13,HH_050,Urban,0,12.7409,7.6479,5.093,2.675925,0.0
2024-01-13,HH_051,Rural,0,5.2665,3.1293,2.1372,1.102905,0.0
2024-01-13,HH_052,Rural,0,4.9473,3.1012,1.8461,1.052215,0.0
2024-01-13,HH_053,Rural,0,5.302,3.2438,2.0582,1.1196799999999998,0.0
2024-01-13,HH_054,Rural,0,5.3741,3.1761,2.198,1.1237249999999999,0.0
2024-01-13,HH_055,Rural,1,4.3068,3.1802,1.1266,0.96404,0.21534
2024-01-13,HH_056,Rural,1,4.2396,2.9067,1.3329,0.9266099999999999,0.21198000000000003
2024-01-13,HH_057,Urban,0,8.597999999999999,5.3839,3.2141,1.82809,0.0
2024-01-13,HH_058,Urban,0,8.7142,5.3291,3.3851,1.8400400000000001,0.0
2024-01-13,HH_059,Urban,1,8.2011,5.209,2.9921,1.7510649999999999,0.41005500000000006
2024-01-13,HH_060,Semi-urban,0,8.6853,5.2794,3.4059,1.8307349999999998,0.0
2024-01-13,HH_061,Semi-urban,0,9.061,5.5236,3.5374,1.9115099999999998,0.0
2024-01-14,HH_001,Semi-urban,0,12.8468,7.9079,4.9389,2.71781,0.0
2024-01-14,HH_002,Rural,0,4.9538,3.003,1.9508,1.04337,0.0
2024-01-14,HH_003,Rural,1,5.0239,3.2255,1.7984,1.0761349999999998,0.251195
2024-01-14,HH_004,Rural,0,4.9881,3.1852,1.8029,1.066735,0.0
2024-01-14,HH_005,Urban,0,13.0934,8.2163,4.8771,2.78564,0.0
2024-01-14,HH_006,Urban,0,8.4033,5.3367,3.0665999999999998,1.794165,0.0
2024-01-14,HH_007,Urban,1,6.0527999999999995,4.5687,1.4841,1.36479,0.30264
2024-01-14,HH_008,Rural,0,5.3992,3.0941,2.3051,1.11929,0.0
2024-01-14,HH_009,Rural,0,5.0139,3.1432,1.8707,1.066405,0.0
2024-01-14,HH_010,Rural,0,5.1055,3.2245,1.881,1.0882749999999999,0.0
2024-01-14,HH_011,Urban,0,8.6839,5.0950999999999995,3.5888,1.8120949999999998,0.0
2024-01-14,HH_012,Rural,1,4.3556,3.079,1.2766,0.9612400000000001,0.21778
2024-01-14,HH_013,Rural,0,5.395,3.3263,2.0686999999999998,1.14188,0.0
2024-01-14,HH_014,Semi-urban,0,8.8101,5.4811,3.3289999999999997,1.8696249999999999,0.0
2024-01-14,HH_015,Urban,1,5.8972,4.6019,1.2953000000000001,1.34477,0.29486
2024-01-14,HH_016,Urban,1,9.0114,7.1249,1.8865,2.0642,0.45057
2024-01-14,HH_017,Semi-urban,0,8.9524,5.4044,3.548,1.8833,0.0
2024-01-14,HH_018,Rural,1,3.6104,2.7431,0.8673,0.81587,0.18052
2024-01-14,HH_019,Semi-urban,0,8.3376,5.1072999999999995,3.2303,1.7613699999999999,0.0
2024-01-14,HH_020,Semi-urban,0,8.6743,5.3161000000000005,3.3582,1.8327550000000001,0.0
2024-01-14,HH_021,Rural,1,4.0075,2.8488,1.1587,0.886005,0.20037500000000003
2024-01-14,HH_022,Urban,1,6.65,4.9707,1.6793,1.49457,0.3325
2024-01-14,HH_023,Semi-urban,1,6.0179,4.5786999999999995,1.4392,1.360555,0.300895
2024-01-14,HH_024,Semi-urban,1,8.212,5.2588,2.9532000000000003,1.7576800000000001,0.4106
2024-01-14,HH_025,Semi-urban,0,8.6819,5.39,3.2919,1.8412849999999998,0.0
2024-01-14,HH_026,Rural,0,5.0795,3.1645,1.915,1.0783749999999999,0.0
2024-01-14,HH_027,Urban,1,6.5887,4.9977,1.591,1.488075,0.32943500000000003
2024-01-14,HH_028,Rural,0,5.1746,3.1767,1.9979,1.0938599999999998,0.0
2024-01-14,HH_029,Rural,1,4.7215,3.2003,1.5211999999999999,1.028255,0.236075
2024-01-14,HH_030,Urban,1,5.874,4.6834,1.1906,1.34944,0.2937
2024-01-14,HH_031,Rural,1,3.7362,2.6931,1.0431000000000001,0.8297399999999999,0.18681000000000003
2024-01-14,HH_032,Urban,0,9.0013,5.4439,3.5574,1.894585,0.0
2024-01-14,HH_033,Urban,0,13.6578,8.2997,5.3581,2.87864,0.0
2024-01-14,HH_034,Rural,0,5.6655,3.3815,2.284,1.187975,0.0
2024-01-14,HH_035,Rural,0,5.2198,3.1177,2.1021,1.09474,0.0
2024-01-14,HH_036,Rural,0,5.0905,3.218,1.8725,1.085375,0.0
2024-01-14,HH_037,Semi-urban,0,8.8195,5.4758,3.3437,1.8705049999999999,0.0
2024-01-14,HH_038,Urban,0,8.6746,5.4018999999999995,3.2727,1.8413799999999998,0.0
2024-01-14,HH_039,Rural,0,4.8632,3.2001999999999997,1.663,1.0494999999999999,0.0
2024-01-14,HH_040,Semi-urban,0,8.91,5.5358,3.3742,1.89008,0.0
2024-01-14,HH_041,Urban,0,8.8407,5.4182,3.4225,1.8679249999999998,0.0
2024-01-14,HH_042,Semi-urban,0,9.112,5.2696,3.8424,1.8937599999999999,0.0
2024-01-14,HH_043,Urban,1,12.4046,7.9878,4.4168,2.65947,0.6202300000000001
2024-01-14,HH_044,Rural,0,5.3757,3.1856,2.1901,1.124915,0.0
2024-01-14,HH_045,Semi-urban,0,8.5736,5.2964,3.2772,1.81568,0.0
2024-01-14,HH_046,Rural,0,5.4456,3.4758,1.9698,1.16442,0.0
2024-01-14,HH_047,Semi-urban,1,7.0024,5.1664,1.836,1.5670000000000002,0.35012
2024-01-14,HH_048,Rural,0,5.3008999999999995,3.218,2.0829,1.116935,0.0
2024-01-14,HH_049,Rural,0,4.9396,3.0444,1.8952,1.04538,0.0
2024-01-14,HH_050,Urban,0,12.656,7.8311,4.8249,2.6815100000000003,0.0
2024-01-14,HH_051,Rural,0,5.3417,3.2861000000000002,2.0556,1.1298650000000001,0.0
2024-01-14,HH_052,Rural,0,5.204,3.2441,1.9599,1.10501,0.0
2024-01-14,HH_053,Rural,0,5.3548,3.2106,2.1442,1.12428,0.0
2024-01-14,HH_054,Rural,0,5.3014,3.1886,2.1128,1.11407,0.0
2024-01-14,HH_055,Rural,1,4.3739,3.0737,1.3002,0.9634550000000001,0.218695
2024-01-14,HH_056,Rural,1,4.5224,3.0583,1.4641,0.98419,0.22612000000000002
2024-01-14,HH_057,Urban,0,8.6145,5.336,3.2785,1.8257750000000001,0.0
2024-01-14,HH_058,Urban,0,8.6775,5.3539,3.3236,1.837015,0.0
2024-01-14,HH_059,Urban,1,8.517,5.2611,3.2559,1.8036599999999998,0.42585
2024-01-14,HH_060,Semi-urban,0,9.5668,6.2256,3.3412,2.0575799999999997,0.0
2024-01-14,HH_061,Semi-urban,0,8.8215,5.4376,3.3838999999999997,1.866985,0.0
2024-01-15,HH_001,Semi-urban,0,13.3367,8.3833,4.9534,2.838835,0.0
2024-01-15,HH_002,Rural,0,5.0804,3.0087,2.0717,1.06293,0.0
2024-01-15,HH_003,Rural,1,4.4989,3.0406,1.4583,0.978895,0.224945
2024-01-15,HH_004,Rural,0,5.9628000000000005,3.9648999999999996,1.9979,1.2909099999999998,0.0
2024-01-15,HH_005,Urban,0,13.372,8.3185,5.0535,2.83765,0.0
2024-01-15,HH_006,Urban,0,8.3152,5.2588,3.0564,1.7731599999999998,0.0
2024-01-15,HH_007,Urban,1,6.0023,4.7005,1.3018,1.370395,0.300115
2024-01-15,HH_008,Rural,0,5.1367,3.1776,1.9590999999999998,1.088265,0.0
2024-01-15,HH_009,Rural,0,5.3442,3.2317,2.1125,1.1248,0.0
2024-01-15,HH_010,Rural,0,5.1655,3.2902,1.8753,1.103845,0.0
2024-01-15,HH_011,Urban,0,9.291,5.6258,3.6652,1.95623,0.0
2024-01-15,HH_012,Rural,1,4.3987,3.016,1.3827,0.9614050000000001,0.219935
2024-01-15,HH_013,Rural,0,5.0851,3.1624999999999996,1.9225999999999999,1.0790149999999998,0.0
2024-01-15,HH_014,Semi-urban,0,8.0777,5.0598,3.0179,1.717635,0.0
2024-01-15,HH_015,Urban,1,5.8954,4.6191,1.2763,1.3462200000000002,0.29477000000000003
2024-01-15,HH_016,Urban,1,8.8955,7.0923,1.8032,2.043555,0.44477500000000003
2024-01-15,HH_017,Semi-urban,0,8.9323,5.413,3.5193,1.881145,0.0
2024-01-15,HH_018,Rural,1,3.6575,2.8839,0.7736000000000001,0.8370150000000001,0.182875
2024-01-15,HH_019,Semi-urban,0,8.7189,5.263,3.4558999999999997,1.8341349999999998,0.0
2024-01-15,HH_020,Semi-urban,0,8.5325,5.4835,3.049,1.828225,0.0
2024-01-15,HH_021,Rural,1,4.1357,3.087,1.0487,0.9290550000000001,0.206785
2024-01-15,HH_022,Urban,1,6.2138,4.5893,1.6245,1.391,0.31069
2024-01-15,HH_023,Semi-urban,1,5.7024,4.5087,1.1937,1.30623,0.28512
2024-01-15,HH_024,Semi-urban,1,8.6356,5.5028,3.1328,1.8456199999999998,0.43178000000000005
2024-01-15,HH_025,Semi-urban,0,8.2355,5.2074,3.0281,1.756065,0.0
2024-01-15,HH_026,Rural,0,5.485,3.3102,2.1748,1.15377,0.0
2024-01-15,HH_027,Urban,1,6.4425,4.8147,1.6278,1.447845,0.322125
2024-01-15,HH_028,Rural,0,5.3748000000000005,3.2713,2.1035,1.13335,0.0
2024-01-15,HH_029,Rural,1,4.7754,3.1042,1.6712,1.0267300000000001,0.23877000000000004
2024-01-15,HH_030,Urban,1,5.6994,4.6643,1.0351,1.32134,0.28497
2024-01-15,HH_031,Rural,1,3.7248,2.9725,0.7523,0.85597,0.18624000000000002
2024-01-15,HH_032,Urban,0,8.5345,5.3734,3.1611,1.817515,0.0
2024-01-15,HH_033,Urban,0,12.5765,7.716,4.8605,2.658075,0.0
2024-01-15,HH_034,Rural,0,5.3242,3.1872,2.137,1.11735,0.0
2024-01-15,HH_035,Rural,0,5.2139,3.1756,2.0383,1.099645,0.0
2024-01-15,HH_036,Rural,0,5.1516,3.206,1.9456,1.09334,0.0
2024-01-15,HH_037,Semi-urban,0,8.5771,5.0453,3.5318,1.7910949999999999,0.0
2024-01-15,HH_038,Urban,0,9.2859,5.5466,3.7393,1.9475449999999999,0.0
2024-01-15,HH_039,Rural,0,5.0743,3.2300999999999997,1.8442,1.084155,0.0
2024-01-15,HH_040,Semi-urban,0,8.943,5.4937000000000005,3.4493,1.8908200000000002,0.0
2024-01-15,HH_041,Urban,0,8.4927,5.5141,2.9786,1.825315,0.0
2024-01-15,HH_042,Semi-urban,0,8.6282,5.1588,3.4694,1.8101099999999999,0.0
2024-01-15,HH_043,Urban,1,11.9491,7.5523,4.3968,2.547595,0.597455
2024-01-15,HH_044,Rural,0,5.2347,3.2791,1.9556,1.113115,0.0
2024-01-15,HH_045,Semi-urban,0,8.6106,5.4102,3.2004,1.8326099999999999,0.0
2024-01-15,HH_046,Rural,0,5.1279,3.1817,1.9462,1.087355,0.0
2024-01-15,HH_047,Semi-urban,1,6.6718,5.0147,1.6571,1.50224,0.33359000000000005
2024-01-15,HH_048,Rural,0,5.1076,3.2295,1.8781,1.08909,0.0
2024-01-15,HH_049,Rural,0,5.1522,3.2722,1.88,1.10005,0.0
2024-01-15,HH_050,Urban,0,13.9045,8.4592,5.4453,2.9315949999999997,0.0
2024-01-15,HH_051,Rural,0,5.2,3.2193,1.9807,1.1019299999999999,0.0
2024-01-15,HH_052,Rural,0,5.2291,3.2057,2.0234,1.104935,0.0
2024-01-15,HH_053,Rural,0,5.3679,3.3163,2.0516,1.136815,0.0
2024-01-15,HH_054,Rural,0,5.2929,3.2515,2.0414,1.119085,0.0
2024-01-15,HH_055,Rural,1,4.2223,3.0391,1.1832,0.937255,0.211115
2024-01-15,HH_056,Rural,1,4.007,2.9794,1.0276,0.89899,0.20035
2024-01-15,HH_057,Urban,0,8.9055,5.4885,3.417,1.884675,0.0
2024-01-15,HH_058,Urban,0,8.6667,5.3269,3.3398,1.832695,0.0
2024-01-15,HH_059,Urban,1,8.464500000000001,5.3977,3.0668,1.8094450000000002,0.4232250000000001
2024-01-15,HH_060,Semi-urban,0,8.8658,5.5514,3.3144,1.88501,0.0
2024-01-15,HH_061,Semi-urban,0,9.0584,5.378,3.6804,1.89656,0.0
2024-01-16,HH_001,Semi-urban,0,13.386099999999999,8.2118,5.1743,2.829095,0.0
2024-01-16,HH_002,Rural,0,5.1091,3.1742999999999997,1.9348,1.0837949999999998,0.0
2024-01-16,HH_003,Rural,1,4.6467,3.0963,1.5504,1.006635,0.232335
2024-01-16,HH_004,Rural,0,5.2419,3.2365,2.0054,1.109935,0.0
2024-01-16,HH_005,Urban,0,13.4995,8.3218,5.1777,2.857105,0.0
2024-01-16,HH_006,Urban,0,8.8632,5.5757,3.2875,1.8870500000000001,0.0
2024-01-16,HH_007,Urban,1,5.9427,4.5184999999999995,1.4242,1.3432549999999999,0.29713500000000004
2024-01-16,HH_008,Rural,0,5.2808,3.2276,2.0532,1.1148799999999999,0.0
2024-01-16,HH_009,Rural,0,4.9976,3.1211,1.8765,1.06175,0.0
2024-01-16,HH_010,Rural,0,5.4507,3.391,2.0597,1.156705,0.0
2024-01-16,HH_011,Urban,0,8.166,5.2859,2.8801,1.75349,0.0
2024-01-16,HH_012,Rural,1,4.1696,2.9791,1.1905000000000001,0.92335,0.20848
2024-01-16,HH_013,Rural,0,5.3525,3.3384,2.0141,1.136715,0.0
2024-01-16,HH_014,Semi-urban,0,8.622399999999999,5.3727,3.2497,1.83063,0.0
2024-01-16,HH_015,Urban,1,5.8454,4.6308,1.2146,1.33989,0.29227
2024-01-16,HH_016,Urban,1,9.0669,6.9367,2.1302,2.053705,0.45334500000000005
2024-01-16,HH_017,Semi-urban,0,8.686,5.3145,3.3714999999999997,1.83435,0.0
2024-01-16,HH_018,Rural,1,3.5524,2.7779,0.7745,0.81065,0.17762
2024-01-16,HH_019,Semi-urban,0,8.9631,5.4919,3.4712,1.893655,0.0
2024-01-16,HH_020,Semi-urban,0,8.8169,5.5,3.3169,1.872535,0.0
2024-01-16,HH_021,Rural,1,4.1691,3.0147,1.1544,0.926835,0.20845500000000003
2024-01-16,HH_022,Urban,1,7.2166,5.3081,1.9085,1.6133,0.36083
2024-01-16,HH_023,Semi-urban,1,5.3588,4.3998,0.959,1.2438,0.26794
2024-01-16,HH_024,Semi-urban,1,8.1293,5.1308,2.9985,1.732475,0.4064650000000001
2024-01-16,HH_025,Semi-urban,0,8.801,5.5038,3.2972,1.87053,0.0
2024-01-16,HH_026,Rural,0,5.1535,3.1849,1.9686000000000001,1.091515,0.0
2024-01-16,HH_027,Urban,1,6.3612,4.7944,1.5668,1.4336200000000001,0.31806
2024-01-16,HH_028,Rural,0,5.6183,3.1459,2.4724,1.157335,0.0
2024-01-16,HH_029,Rural,1,4.6291,3.0806,1.5485,1.002425,0.23145500000000002
2024-01-16,HH_030,Urban,1,5.8779,4.6288,1.2491,1.344565,0.293895
2024-01-16,HH_031,Rural,1,3.7957,2.8357,0.96,0.852925,0.189785
2024-01-16,HH_032,Urban,0,8.7724,5.4887,3.2837,1.8647299999999998,0.0
2024-01-16,HH_033,Urban,0,13.0247,8.1165,4.9082,2.765355,0.0
2024-01-16,HH_034,Rural,0,5.1529,3.1932,1.9597,1.092255,0.0
2024-01-16,HH_035,Rural,0,5.2017,3.0549,2.1468,1.085745,0.0
2024-01-16,HH_036,Rural,0,5.2995,3.3087999999999997,1.9907,1.125805,0.0
2024-01-16,HH_037,Semi-urban,0,8.7369,5.4694,3.2675,1.857475,0.0
2024-01-16,HH_038,Urban,0,8.8814,5.8854,2.996,1.92075,0.0
2024-01-16,HH_039,Rural,0,5.3093,3.0813,2.228,1.104525,0.0
2024-01-16,HH_040,Semi-urban,0,8.4235,5.4404,2.9831,1.807565,0.0
2024-01-16,HH_041,Urban,0,8.7431,5.4039,3.3392,1.851855,0.0
2024-01-16,HH_042,Semi-urban,0,8.747399999999999,5.5857,3.1616999999999997,1.87068,0.0
2024-01-16,HH_043,Urban,1,12.2839,7.8614,4.4225,2.628725,0.614195
2024-01-16,HH_044,Rural,0,5.4531,3.3104,2.1427,1.149005,0.0
2024-01-16,HH_045,Semi-urban,0,8.645,5.4389,3.2061,1.84064,0.0
2024-01-16,HH_046,Rural,0,5.3602,3.2199,2.1403,1.12602,0.0
2024-01-16,HH_047,Semi-urban,1,6.618,4.9767,1.6413,1.49037,0.3309
2024-01-16,HH_048,Rural,0,5.3918,3.4336,1.9582,1.15213,0.0
2024-01-16,HH_049,Rural,0,5.3694999999999995,3.355,2.0145,1.140925,0.0
2024-01-16,HH_050,Urban,0,12.9264,8.1705,4.7559,2.75601,0.0
2024-01-16,HH_051,Rural,0,5.1928,3.1139,2.0789,1.0903100000000001,0.0
2024-01-16,HH_052,Rural,0,5.3252,3.2566,2.0686,1.12444,0.0
2024-01-16,HH_053,Rural,0,5.0979,3.2687,1.8292,1.091555,0.0
2024-01-16,HH_054,Rural,0,5.2295,3.165,2.0645,1.100925,0.0
2024-01-16,HH_055,Rural,1,4.2392,2.926,1.3132,0.92848,0.21196000000000004
2024-01-16,HH_056,Rural,1,4.1653,2.93,1.2353,0.917795,0.20826500000000003
2024-01-16,HH_057,Urban,0,8.9961,5.6744,3.3217,1.916855,0.0
2024-01-16,HH_058,Urban,0,8.6431,5.3959,3.2472,1.836055,0.0
2024-01-16,HH_059,Urban,1,8.0284,5.4154,2.613,1.7458,0.40142
2024-01-16,HH_060,Semi-urban,0,9.0261,5.6547,3.3714,1.9193850000000001,0.0
2024-01-16,HH_061,Semi-urban,0,8.5024,5.4298,3.0726,1.81834,0.0
2024-01-17,HH_001,Semi-urban,0,12.7533,7.8278,4.9254999999999995,2.695775,0.0
2024-01-17,HH_002,Rural,0,5.2299,3.1816,2.0483000000000002,1.102645,0.0
2024-01-17,HH_003,Rural,1,4.7458,3.0157,1.7301,1.01344,0.23729
2024-01-17,HH_004,Rural,0,5.420599999999999,3.2338999999999998,2.1867,1.13648,0.0
2024-01-17,HH_005,Urban,0,13.1124,8.0181,5.0943,2.76867,0.0
2024-01-17,HH_006,Urban,0,8.558300000000001,5.458600000000001,3.0997,1.8296050000000001,0.0
2024-01-17,HH_007,Urban,1,5.8778,4.3648,1.513,1.31815,0.29389
2024-01-17,HH_008,Rural,0,5.4534,3.2974,2.156,1.14775,0.0
2024-01-17,HH_009,Rural,0,5.1241,3.16,1.9641,1.0846149999999999,0.0
2024-01-17,HH_010,Rural,0,5.2613,3.101,2.1603,1.099295,0.0
2024-01-17,HH_011,Urban,0,8.5974,5.239,3.3584,1.81351,0.0
2024-01-17,HH_012,Rural,1,4.102,3.1031,0.9989,0.92561,0.20510000000000003
2024-01-17,HH_013,Rural,0,5.5129,3.2477,2.2652,1.151705,0.0
2024-01-17,HH_014,Semi-urban,0,8.4001,5.3488999999999995,3.0512,1.794905,0.0
2024-01-17,HH_015,Urban,1,6.0748,4.9223,1.1525,1.4034499999999999,0.30374
2024-01-17,HH_016,Urban,1,10.1267,7.753,2.3737,2.294305,0.506335
2024-01-17,HH_017,Semi-urban,0,9.0584,5.5358,3.5226,1.91234,0.0
2024-01-17,HH_018,Rural,1,3.6228,2.8769,0.7459,0.83111,0.18114
2024-01-17,HH_019,Semi-urban,0,8.5389,5.2848999999999995,3.254,1.8093249999999999,0.0
2024-01-17,HH_020,Semi-urban,0,8.8321,5.3445,3.4876,1.859265,0.0
2024-01-17,HH_021,Rural,1,4.1614,3.0556,1.1058,0.92977,0.20807000000000003
2024-01-17,HH_022,Urban,1,6.801,4.8461,1.9549,1.50476,0.34005
2024-01-17,HH_023,Semi-urban,1,6.1052,4.6909,1.4143000000000001,1.38487,0.30526000000000003
2024-01-17,HH_024,Semi-urban,1,8.3112,5.302,3.0092,1.7768799999999998,0.41556
2024-01-17,HH_025,Semi-urban,0,8.4406,5.3107999999999995,3.1298,1.79717,0.0
2024-01-17,HH_026,Rural,0,5.5485999999999995,3.4411,2.1075,1.1764000000000001,0.0
2024-01-17,HH_027,Urban,1,6.6297,4.9436,1.6861,1.488815,0.33148500000000003
2024-01-17,HH_028,Rural,0,5.2194,3.1985,2.0209,1.10276,0.0
2024-01-17,HH_029,Rural,1,4.6899,3.1665,1.5234,1.020135,0.234495
2024-01-17,HH_030,Urban,1,6.0301,4.8158,1.2143,1.386095,0.301505
2024-01-17,HH_031,Rural,1,3.5879,2.7611,0.8268,0.814295,0.179395
2024-01-17,HH_032,Urban,0,8.6931,5.2339,3.4592,1.827355,0.0
2024-01-17,HH_033,Urban,0,12.8893,7.8056,5.0837,2.713955,0.0
2024-01-17,HH_034,Rural,0,5.433,3.4228,2.0101999999999998,1.15723,0.0
2024-01-17,HH_035,Rural,0,5.288,3.2242,2.0638,1.11562,0.0
2024-01-17,HH_036,Rural,0,5.071,3.0314,2.0396,1.06379,0.0
2024-01-17,HH_037,Semi-urban,0,8.1681,5.0821000000000005,3.0860000000000003,1.7334250000000002,0.0
2024-01-17,HH_038,Urban,0,8.6175,5.2406,3.3769,1.8166849999999999,0.0
2024-01-17,HH_039,Rural,0,5.3746,3.2492,2.1254,1.13111,0.0
2024-01-17,HH_040,Semi-urban,0,8.7684,5.2521,3.5162999999999998,1.84047,0.0
2024-01-17,HH_041,Urban,0,8.9954,5.6628,3.3326000000000002,1.91559,0.0
2024-01-17,HH_042,Semi-urban,0,8.2255,5.1514999999999995,3.074,1.7489749999999997,0.0
2024-01-17,HH_043,Urban,1,12.0339,7.8714,4.1625,2.592225,0.601695
2024-01-17,HH_044,Rural,0,5.2116999999999996,3.1847,2.027,1.100225,0.0
2024-01-17,HH_045,Semi-urban,0,9.054,5.456,3.598,1.9037000000000002,0.0
2024-01-17,HH_046,Rural,0,5.5215,3.3242000000000003,2.1973,1.1606450000000001,0.0
2024-01-17,HH_047,Semi-urban,1,6.5511,4.8043000000000005,1.7468,1.463095,0.32755500000000004
2024-01-17,HH_048,Rural,0,5.1104,3.2145,1.8959,1.0880100000000001,0.0
2024-01-17,HH_049,Rural,0,5.1373,3.1847,1.9526,1.089065,0.0
2024-01-17,HH_050,Urban,0,12.8134,8.0184,4.795,2.7238499999999997,0.0
2024-01-17,HH_051,Rural,0,5.0992,3.1875,1.9117,1.0836299999999999,0.0
2024-01-17,HH_052,Rural,0,5.5198,3.3882,2.1315999999999997,1.16679,0.0
2024-01-17,HH_053,Rural,0,5.3435,3.2664,2.0771,1.128165,0.0
2024-01-17,HH_054,Rural,0,5.216,3.1934,2.0225999999999997,1.10174,0.0
2024-01-17,HH_055,Rural,1,4.124,3.0082,1.1158000000000001,0.91942,0.2062
2024-01-17,HH_056,Rural,1,4.2109,3.0052,1.2057,0.932155,0.21054499999999998
2024-01-17,HH_057,Urban,0,9.0125,5.5932,3.4193000000000002,1.9111950000000002,0.0
2024-01-17,HH_058,Urban,0,8.833,5.3928,3.4402,1.86423,0.0
2024-01-17,HH_059,Urban,1,8.3275,5.2917,3.0358,1.778295,0.41637500000000005
2024-01-17,HH_060,Semi-urban,0,8.4203,5.2453,3.175,1.787575,0.0
2024-01-17,HH_061,Semi-urban,0,8.7376,5.3361,3.4015,1.84425,0.0
2024-01-18,HH_001,Semi-urban,0,12.9513,8.0425,4.9088,2.746945,0.0
2024-01-18,HH_002,Rural,0,5.348,3.2639,2.0841,1.12859,0.0
2024-01-18,HH_003,Rural,1,4.6036,3.0877,1.5159,0.9993099999999999,0.23018000000000002
2024-01-18,HH_004,Rural,0,5.266,3.2252,2.0408,1.11242,0.0
2024-01-18,HH_005,Urban,0,13.18,8.0701,5.1099,2.78401,0.0
2024-01-18,HH_006,Urban,0,8.3936,5.2193000000000005,3.1743,1.7809700000000002,0.0
2024-01-18,HH_007,Urban,1,6.2501,4.797,1.4531,1.417215,0.31250500000000003
2024-01-18,HH_008,Rural,0,5.0055,3.1488,1.8567,1.065705,0.0
2024-01-18,HH_009,Rural,0,5.4383,3.2691999999999997,2.1691000000000003,1.142665,0.0
2024-01-18,HH_010,Rural,0,5.1754,3.2704,1.905,1.10335,0.0
2024-01-18,HH_011,Urban,0,8.1999,5.167,3.0329,1.7466849999999998,0.0
2024-01-18,HH_012,Rural,1,4.2325,3.0000999999999998,1.2324,0.934885,0.211625
2024-01-18,HH_013,Rural,0,5.2481,3.2056999999999998,2.0423999999999998,1.1077849999999998,0.0
2024-01-18,HH_014,Semi-urban,0,8.6618,5.3488,3.313,1.83415,0.0
2024-01-18,HH_015,Urban,1,5.563,4.5671,0.9959,1.29116,0.27815
2024-01-18,HH_016,Urban,1,8.7331,7.0443999999999996,1.6886999999999999,2.014405,0.436655
2024-01-18,HH_017,Semi-urban,0,9.1227,5.6053,3.5174000000000003,1.928935,0.0
2024-01-18,HH_018,Rural,1,3.6499,2.8765,0.7734,0.835135,0.18249500000000002
2024-01-18,HH_019,Semi-urban,0,8.6496,5.3299,3.3197,1.83043,0.0
2024-01-18,HH_020,Semi-urban,0,8.7326,5.5286,3.2039999999999997,1.86275,0.0
2024-01-18,HH_021,Rural,1,4.3286,2.9878,1.3408,0.94807,0.21643
2024-01-18,HH_022,Urban,1,6.3952,4.8262,1.569,1.4419,0.31976000000000004
2024-01-18,HH_023,Semi-urban,1,5.5172,4.3732,1.144,1.2649,0.27586
2024-01-18,HH_024,Semi-urban,1,8.0956,5.2837,2.8119,1.74271,0.40478
2024-01-18,HH_025,Semi-urban,0,9.0607,5.5761,3.4846,1.916715,0.0
2024-01-18,HH_026,Rural,0,5.3957,3.3289,2.0667999999999997,1.142245,0.0
2024-01-18,HH_027,Urban,1,6.7334000000000005,4.9787,1.7547,1.5078799999999999,0.33667
2024-01-18,HH_028,Rural,0,4.8986,3.0557,1.8429,1.04036,0.0
2024-01-18,HH_029,Rural,1,4.835,3.1898999999999997,1.6451,1.0442399999999998,0.24175000000000002
2024-01-18,HH_030,Urban,1,5.7926,4.436,1.3566,1.31249,0.28963
2024-01-18,HH_031,Rural,1,3.6171,2.8348,0.7823,0.826045,0.18085500000000002
2024-01-18,HH_032,Urban,0,8.4192,5.4073,3.0119000000000002,1.80361,0.0
2024-01-18,HH_033,Urban,0,13.6408,8.4116,5.2292,2.88728,0.0
2024-01-18,HH_034,Rural,0,5.3697,3.3308,2.0389,1.138535,0.0
2024-01-18,HH_035,Rural,0,5.0758,3.1187,1.9571,1.07324,0.0
2024-01-18,HH_036,Rural,0,5.1082,3.239,1.8692,1.0901299999999998,0.0
2024-01-18,HH_037,Semi-urban,0,8.9456,5.4538,3.4918,1.8872200000000001,0.0
2024-01-18,HH_038,Urban,0,8.7958,5.5551,3.2407,1.87488,0.0
2024-01-18,HH_039,Rural,0,5.1074,3.1778999999999997,1.9295,1.0838999999999999,0.0
2024-01-18,HH_040,Semi-urban,0,8.2376,5.1473,3.0903,1.7503700000000002,0.0
2024-01-18,HH_041,Urban,0,8.762,5.5574,3.2046,1.8700400000000001,0.0
2024-01-18,HH_042,Semi-urban,0,8.2627,5.0081,3.2546,1.7402149999999998,0.0
2024-01-18,HH_043,Urban,1,12.1741,7.673,4.5011,2.5934150000000002,0.608705
2024-01-18,HH_044,Rural,0,5.2849,3.2037,2.0812,1.113105,0.0
2024-01-18,HH_045,Semi-urban,0,9.0558,5.3014,3.7544,1.8885100000000001,0.0
2024-01-18,HH_046,Rural,0,5.3535,3.2139,2.1396,1.124415,0.0
2024-01-18,HH_047,Semi-urban,1,6.8568,5.1422,1.7146000000000001,1.54274,0.34284000000000003
2024-01-18,HH_048,Rural,0,5.2286,3.2022,2.0264,1.1045099999999999,0.0
2024-01-18,HH_049,Rural,0,5.4285,3.2426,2.1859,1.138535,0.0
2024-01-18,HH_050,Urban,0,12.925699999999999,8.0944,4.831300000000001,2.748295,0.0
2024-01-18,HH_051,Rural,0,5.1719,3.1721,1.9998,1.092995,0.0
2024-01-18,HH_052,Rural,0,5.3873,3.2015000000000002,2.1858,1.1282450000000002,0.0
2024-01-18,HH_053,Rural,0,5.43,3.4374,1.9926,1.15824,0.0
2024-01-18,HH_054,Rural,0,5.3438,3.1368,2.207,1.11525,0.0
2024-01-18,HH_055,Rural,1,3.9889,2.8321,1.1568,0.881545,0.199445
2024-01-18,HH_056,Rural,1,4.1854,2.8643,1.3211,0.9142399999999999,0.20926999999999998
2024-01-18,HH_057,Urban,0,9.0404,5.6476,3.3928,1.92082,0.0
2024-01-18,HH_058,Urban,0,8.7193,5.3069,3.4124,1.838585,0.0
2024-01-18,HH_059,Urban,1,8.0443,5.1358,2.9085,1.720225,0.402215
2024-01-18,HH_060,Semi-urban,0,8.7802,5.4153,3.3649,1.85856,0.0
2024-01-18,HH_061,Semi-urban,0,9.190199999999999,5.5593,3.6309,1.93446,0.0
2024-01-19,HH_001,Semi-urban,0,12.8407,7.9912,4.8495,2.725225,0.0
2024-01-19,HH_002,Rural,0,5.392,3.2398,2.1522,1.13278,0.0
2024-01-19,HH_003,Rural,1,4.428,2.9052,1.5228,0.9547199999999999,0.2214
2024-01-19,HH_004,Rural,0,5.1294,3.1118,2.0176,1.08059,0.0
2024-01-19,HH_005,Urban,0,12.952,8.0133,4.9387,2.7441299999999997,0.0
2024-01-19,HH_006,Urban,0,8.7859,5.3153,3.4706,1.849415,0.0
2024-01-19,HH_007,Urban,1,5.6836,4.6277,1.0559,1.31531,0.28418000000000004
2024-01-19,HH_008,Rural,0,5.2046,3.2322,1.9724,1.10391,0.0
2024-01-19,HH_009,Rural,0,5.5353,3.282,2.2533,1.158495,0.0
2024-01-19,HH_010,Rural,0,4.9597,3.0839,1.8758,1.0523449999999999,0.0
2024-01-19,HH_011,Urban,0,8.9002,5.5493999999999994,3.3508,1.88997,0.0
2024-01-19,HH_012,Rural,1,4.1201,2.9876,1.1325,0.916775,0.206005
2024-01-19,HH_013,Rural,0,5.1765,3.2703,1.9062000000000001,1.1035050000000002,0.0
2024-01-19,HH_014,Semi-urban,0,8.6541,5.1138,3.5403000000000002,1.809495,0.0
2024-01-19,HH_015,Urban,1,5.9844,4.5588,1.4256,1.35354,0.29922
2024-01-19,HH_016,Urban,1,9.8727,7.4714,2.4013,2.228045,0.49363500000000005
2024-01-19,HH_017,Semi-urban,0,8.6012,5.0786999999999995,3.5225,1.79805,0.0
2024-01-19,HH_018,Rural,1,3.3794,2.7597,0.6196999999999999,0.78288,0.16897
2024-01-19,HH_019,Semi-urban,0,8.2642,5.0527999999999995,3.2114,1.74491,0.0
2024-01-19,HH_020,Semi-urban,0,8.7341,5.2602,3.4739,1.836135,0.0
2024-01-19,HH_021,Rural,1,4.318,2.9262,1.3918,0.94032,0.21589999999999998
2024-01-19,HH_022,Urban,1,6.6993,4.8183,1.881,1.4867249999999999,0.334965
2024-01-19,HH_023,Semi-urban,1,5.8461,4.5109,1.3352,1.328005,0.292305
2024-01-19,HH_024,Semi-urban,1,8.0416,5.2621,2.7795,1.73245,0.40208000000000005
2024-01-19,HH_025,Semi-urban,0,8.7913,5.5733,3.218,1.8760249999999998,0.0
2024-01-19,HH_026,Rural,0,5.0276,3.0053,2.0223,1.05467,0.0
2024-01-19,HH_027,Urban,1,6.374,4.7429,1.6311,1.4303899999999998,0.3187
2024-01-19,HH_028,Rural,0,5.2033,3.268,1.9353,1.107295,0.0
2024-01-19,HH_029,Rural,1,4.6189,3.0711,1.5478,0.999945,0.230945
2024-01-19,HH_030,Urban,1,5.861000000000001,4.7224,1.1386,1.35139,0.29305000000000003
2024-01-19,HH_031,Rural,1,3.4233000000000002,2.6783,0.745,0.781325,0.171165
2024-01-19,HH_032,Urban,0,8.7253,5.2655,3.4598,1.835345,0.0
2024-01-19,HH_033,Urban,0,13.867,8.0759,5.7911,2.88764,0.0
2024-01-19,HH_034,Rural,0,5.1792,3.0726,2.1066,1.0841399999999999,0.0
2024-01-19,HH_035,Rural,0,5.1317,3.2039,1.9278,1.090145,0.0
2024-01-19,HH_036,Rural,0,5.3111,3.2149,2.0962,1.118155,0.0
2024-01-19,HH_037,Semi-urban,0,8.7386,5.3542,3.3844000000000003,1.84621,0.0
2024-01-19,HH_038,Urban,0,8.9345,5.5667,3.3678,1.896845,0.0
2024-01-19,HH_039,Rural,0,5.2054,3.2754,1.93,1.10835,0.0
2024-01-19,HH_040,Semi-urban,0,8.5603,5.2293,3.331,1.806975,0.0
2024-01-19,HH_041,Urban,0,8.8779,5.4928,3.3851,1.880965,0.0
2024-01-19,HH_042,Semi-urban,0,8.6971,5.3726,3.3245,1.841825,0.0
2024-01-19,HH_043,Urban,1,12.4916,7.7978000000000005,4.6938,2.6535200000000003,0.62458
2024-01-19,HH_044,Rural,0,5.1856,3.1825,2.0031,1.09609,0.0
2024-01-19,HH_045,Semi-urban,0,8.9625,5.4818,3.4807,1.892555,0.0
2024-01-19,HH_046,Rural,0,5.2568,3.3333,1.9235,1.12185,0.0
2024-01-19,HH_047,Semi-urban,1,6.5977,4.695,1.9026999999999998,1.459155,0.329885
2024-01-19,HH_048,Rural,0,5.2559,3.27,1.9859,1.115385,0.0
2024-01-19,HH_049,Rural,0,5.1774,3.2638,1.9136,1.10299,0.0
2024-01-19,HH_050,Urban,0,12.5733,7.9021,4.6712,2.676205,0.0
2024-01-19,HH_051,Rural,0,5.4019,3.2721999999999998,2.1297,1.137505,0.0
2024-01-19,HH_052,Rural,0,5.445,3.2749,2.1701,1.14424,0.0
2024-01-19,HH_053,Rural,0,5.0302,3.1339,1.8963,1.06792,0.0
2024-01-19,HH_054,Rural,0,5.1963,3.1936,2.0027,1.098805,0.0
2024-01-19,HH_055,Rural,1,4.2222,3.0482,1.174,0.93815,0.21111000000000002
2024-01-19,HH_056,Rural,1,4.0477,3.0035,1.0442,0.907505,0.202385
2024-01-19,HH_057,Urban,0,8.8012,5.3643,3.4369,1.8566099999999999,0.0
2024-01-19,HH_058,Urban,0,8.5591,5.4039,3.1552,1.824255,0.0
2024-01-19,HH_059,Urban,1,7.9698,4.981,2.9888,1.69357,0.39849
2024-01-19,HH_060,Semi-urban,0,8.8341,5.4668,3.3673,1.871795,0.0
2024-01-19,HH_061,Semi-urban,0,8.8967,5.3313,3.5654,1.867635,0.0
2024-01-20,HH_001,Semi-urban,0,12.7836,7.6348,5.1488000000000005,2.68102,0.0
2024-01-20,HH_002,Rural,0,5.165,3.1719999999999997,1.993,1.09195,0.0
2024-01-20,HH_003,Rural,1,7.0031,5.1093,1.8938000000000001,1.561395,0.350155
2024-01-20,HH_004,Rural,0,5.0824,3.2234,1.859,1.0847,0.0
2024-01-20,HH_005,Urban,0,13.100200000000001,7.7617,5.3385,2.7412,0.0
2024-01-20,HH_006,Urban,0,8.9033,5.3911999999999995,3.5121,1.874615,0.0
2024-01-20,HH_007,Urban,1,6.0206,4.6255,1.3951,1.36564,0.30103
2024-01-20,HH_008,Rural,0,5.2641,3.2709,1.9932,1.116705,0.0
2024-01-20,HH_009,Rural,0,5.1601,3.2639,1.8962,1.100405,0.0
2024-01-20,HH_010,Rural,0,5.1991,3.31,1.8891,1.110865,0.0
2024-01-20,HH_011,Urban,0,8.6472,5.3707,3.2765,1.8341500000000002,0.0
2024-01-20,HH_012,Rural,1,4.0353,2.992,1.0433,0.9044949999999999,0.20176500000000003
2024-01-20,HH_013,Rural,0,5.2540000000000004,3.251,2.003,1.1132,0.0
2024-01-20,HH_014,Semi-urban,0,9.2528,5.6257,3.6271,1.95049,0.0
2024-01-20,HH_015,Urban,1,6.0302,4.6786,1.3516,1.37239,0.30151
2024-01-20,HH_016,Urban,1,9.055,7.1895,1.8655,2.0772,0.45275
2024-01-20,HH_017,Semi-urban,0,8.4914,5.2917,3.1997,1.8028799999999998,0.0
2024-01-20,HH_018,Rural,1,3.7668,2.8688,0.898,0.8518999999999999,0.18834
2024-01-20,HH_019,Semi-urban,0,8.8091,5.5593,3.2498,1.8772950000000002,0.0
2024-01-20,HH_020,Semi-urban,0,8.7782,5.2205,3.5577,1.83878,0.0
2024-01-20,HH_021,Rural,1,4.3514,2.9159,1.4355,0.9443,0.21757
2024-01-20,HH_022,Urban,1,6.4857000000000005,5.0315,1.4542,1.476005,0.32428500000000005
2024-01-20,HH_023,Semi-urban,1,5.6507,4.4906,1.1601,1.296665,0.282535
2024-01-20,HH_024,Semi-urban,1,8.0984,5.1114999999999995,2.9869,1.7259099999999998,0.40492
2024-01-20,HH_025,Semi-urban,0,8.5305,5.3179,3.2126,1.811365,0.0
2024-01-20,HH_026,Rural,0,5.2653,3.3701,1.8952,1.126805,0.0
2024-01-20,HH_027,Urban,1,6.7476,4.9478,1.7998,1.50692,0.33738
2024-01-20,HH_028,Rural,0,5.1018,3.2401,1.8617,1.08928,0.0
2024-01-20,HH_029,Rural,1,4.6386,2.9657,1.6728999999999998,0.9923599999999999,0.23193000000000003
2024-01-20,HH_030,Urban,1,5.9632,4.4417,1.5215,1.33865,0.29816
2024-01-20,HH_031,Rural,1,3.5498,2.7078,0.842,0.80325,0.17749
2024-01-20,HH_032,Urban,0,8.7992,5.5003,3.2989,1.86991,0.0
2024-01-20,HH_033,Urban,0,13.2622,8.0441,5.2181,2.79374,0.0
2024-01-20,HH_034,Rural,0,5.2251,3.2292,1.9959,1.1066850000000001,0.0
2024-01-20,HH_035,Rural,0,5.0175,3.2801,1.7374,1.080635,0.0
2024-01-20,HH_036,Rural,0,5.1563,3.2717,1.8846,1.100615,0.0
2024-01-20,HH_037,Semi-urban,0,8.6112,5.302,3.3092,1.82188,0.0
2024-01-20,HH_038,Urban,0,8.6697,5.3989,3.2708,1.8403450000000001,0.0
2024-01-20,HH_039,Rural,0,5.3938,3.2881,2.1057,1.13788,0.0
2024-01-20,HH_040,Semi-urban,0,8.6387,5.4415,3.1972,1.8399549999999998,0.0
2024-01-20,HH_041,Urban,0,8.5329,5.33,3.2029,1.812935,0.0
2024-01-20,HH_042,Semi-urban,0,8.6463,5.2446,3.4017,1.821405,0.0
2024-01-20,HH_043,Urban,1,12.317499999999999,8.0342,4.2833,2.651045,0.615875
2024-01-20,HH_044,Rural,0,5.4424,3.3346,2.1078,1.14982,0.0
2024-01-20,HH_045,Semi-urban,0,8.9904,5.293,3.6974,1.87786,0.0
2024-01-20,HH_046,Rural,0,5.1761,3.2965999999999998,1.8795,1.106075,0.0
2024-01-20,HH_047,Semi-urban,1,6.6649,4.8816999999999995,1.7832000000000001,1.4879049999999998,0.333245
2024-01-20,HH_048,Rural,0,5.2182,3.2147,2.0035,1.1042,0.0
2024-01-20,HH_049,Rural,0,5.2004,3.2178,1.9826,1.10184,0.0
2024-01-20,HH_050,Urban,0,13.5258,8.1815,5.3443,2.8470199999999997,0.0
2024-01-20,HH_051,Rural,0,5.395,3.0768,2.3182,1.11693,0.0
2024-01-20,HH_052,Rural,0,5.3977,3.2685,2.1292,1.136505,0.0
2024-01-20,HH_053,Rural,0,5.2835,3.1882,2.0953,1.111345,0.0
2024-01-20,HH_054,Rural,0,5.1945,3.1427,2.0518,1.093445,0.0
2024-01-20,HH_055,Rural,1,4.1593,3.0383999999999998,1.1209,0.927735,0.207965
2024-01-20,HH_056,Rural,1,4.0054,2.8486,1.1568,0.88567,0.20027
2024-01-20,HH_057,Urban,0,8.8673,5.1268,3.7405,1.842775,0.0
2024-01-20,HH_058,Urban,0,8.7908,5.3045,3.4863,1.84907,0.0
2024-01-20,HH_059,Urban,1,8.2355,5.2942,2.9413,1.764745,0.411775
2024-01-20,HH_060,Semi-urban,0,8.7027,5.5001999999999995,3.2025,1.8554249999999999,0.0
2024-01-20,HH_061,Semi-urban,0,8.3904,5.1597,3.2307,1.77453,0.0
2024-01-21,HH_001,Semi-urban,0,13.3571,8.1572,5.1998999999999995,2.819285,0.0
2024-01-21,HH_002,Rural,0,5.0882,3.2248,1.8634,1.08571,0.0
2024-01-21,HH_003,Rural,1,4.6932,3.1344,1.5588,1.01742,0.23466
2024-01-21,HH_004,Rural,0,5.2317,3.211,2.0207,1.105855,0.0
2024-01-21,HH_005,Urban,0,12.932599999999999,7.7489,5.1837,2.71478,0.0
2024-01-21,HH_006,Urban,0,8.3953,5.2106,3.1847,1.7803550000000001,0.0
2024-01-21,HH_007,Urban,1,5.8448,4.826,1.0188,1.3593199999999999,0.29224
2024-01-21,HH_008,Rural,0,5.1549000000000005,3.2485,1.9064,1.098085,0.0
2024-01-21,HH_009,Rural,0,5.0603,3.2249,1.8354,1.081535,0.0
2024-01-21,HH_010,Rural,0,5.1886,3.1335,2.0551,1.09164,0.0
2024-01-21,HH_011,Urban,0,8.5291,5.2143,3.3148,1.800795,0.0
2024-01-21,HH_012,Rural,1,4.3444,3.1827,1.1617,0.96993,0.21722000000000002
2024-01-21,HH_013,Rural,0,5.1401,3.1548,1.9853,1.086495,0.0
2024-01-21,HH_014,Semi-urban,0,8.4054,5.0943000000000005,3.3111,1.7702400000000003,0.0
2024-01-21,HH_015,Urban,1,5.9911,4.6338,1.3573,1.362045,0.299555
2024-01-21,HH_016,Urban,1,8.8766,7.0089,1.8677,2.03238,0.44383
2024-01-21,HH_017,Semi-urban,0,8.2752,5.0968,3.1784,1.75096,0.0
2024-01-21,HH_018,Rural,1,3.5046,2.7851,0.7195,0.8042,0.17523
2024-01-21,HH_019,Semi-urban,0,8.9895,5.3309999999999995,3.6585,1.881525,0.0
2024-01-21,HH_020,Semi-urban,0,8.5491,5.1104,3.4387,1.793405,0.0
2024-01-21,HH_021,Rural,1,4.3749,3.1192,1.2557,0.9681550000000001,0.21874500000000002
2024-01-21,HH_022,Urban,1,6.7179,5.006,1.7119,1.508285,0.33589500000000005
2024-01-21,HH_023,Semi-urban,1,5.8210999999999995,4.7201,1.101,1.345175,0.291055
2024-01-21,HH_024,Semi-urban,1,7.9558,5.3378,2.618,1.72715,0.39779000000000003
2024-01-21,HH_025,Semi-urban,0,8.291,5.1763,3.1147,1.7612800000000002,0.0
2024-01-21,HH_026,Rural,0,5.2036,3.1534,2.0502,1.09588,0.0
2024-01-21,HH_027,Urban,1,6.5581,4.8931,1.665,1.4730249999999998,0.327905
2024-01-21,HH_028,Rural,0,5.3677,3.2763999999999998,2.0913,1.132795,0.0
2024-01-21,HH_029,Rural,1,4.9506,3.0914,1.8592,1.05173,0.24753
2024-01-21,HH_030,Urban,1,5.2504,4.4562,0.7942,1.23318,0.26252000000000003
2024-01-21,HH_031,Rural,1,3.7222,2.8123,0.9098999999999999,0.83956,0.18611
2024-01-21,HH_032,Urban,0,8.4853,5.4606,3.0247,1.818855,0.0
2024-01-21,HH_033,Urban,0,13.0268,7.9672,5.0596,2.75074,0.0
2024-01-21,HH_034,Rural,0,5.1882,3.2914,1.8968,1.10737,0.0
2024-01-21,HH_035,Rural,0,5.04,3.2072,1.8328,1.07672,0.0
2024-01-21,HH_036,Rural,0,5.1174,3.1791,1.9383,1.08552,0.0
2024-01-21,HH_037,Semi-urban,0,8.8898,5.6062,3.2836,1.89409,0.0
2024-01-21,HH_038,Urban,0,8.8135,5.5142,3.2993,1.8734449999999998,0.0
2024-01-21,HH_039,Rural,0,5.3701,3.1163,2.2538,1.1171449999999998,0.0
2024-01-21,HH_040,Semi-urban,0,9.0429,5.4439,3.599,1.9008250000000002,0.0
2024-01-21,HH_041,Urban,0,8.9438,5.3677,3.5761000000000003,1.8783400000000001,0.0
2024-01-21,HH_042,Semi-urban,0,8.6819,5.306,3.3759,1.832885,0.0
2024-01-21,HH_043,Urban,1,11.9924,7.7669,4.2255,2.57555,0.59962
2024-01-21,HH_044,Rural,0,5.4988,3.3272,2.1715999999999998,1.15754,0.0
2024-01-21,HH_045,Semi-urban,0,8.454,5.1768,3.2771999999999997,1.78578,0.0
2024-01-21,HH_046,Rural,0,5.1146,3.1632,1.9514,1.08351,0.0
2024-01-21,HH_047,Semi-urban,1,6.5064,4.8726,1.6338,1.46322,0.32532000000000005
2024-01-21,HH_048,Rural,0,5.1754999999999995,3.2027,1.9727999999999999,1.096595,0.0
2024-01-21,HH_049,Rural,0,5.2046,3.2428,1.9618,1.10497,0.0
2024-01-21,HH_050,Urban,0,13.1664,8.4526,4.7138,2.82022,0.0
2024-01-21,HH_051,Rural,0,5.1569,3.1997,1.9571999999999998,1.093505,0.0
2024-01-21,HH_052,Rural,0,5.1394,3.1657,1.9737,1.08748,0.0
2024-01-21,HH_053,Rural,0,4.9297,2.961,1.9687000000000001,1.035555,0.0
2024-01-21,HH_054,Rural,0,5.2861,3.2861000000000002,2.0,1.121525,0.0
2024-01-21,HH_055,Rural,1,4.3803,3.0861,1.2942,0.965655,0.21901500000000002
2024-01-21,HH_056,Rural,1,4.3305,3.1048,1.2257,0.960055,0.216525
2024-01-21,HH_057,Urban,0,8.7024,5.4242,3.2782,1.84778,0.0
2024-01-21,HH_058,Urban,0,8.5595,5.2329,3.3266,1.807215,0.0
2024-01-21,HH_059,Urban,1,8.0087,5.4215,2.5872,1.743455,0.400435
2024-01-21,HH_060,Semi-urban,0,8.8493,5.4432,3.4061,1.871715,0.0
2024-01-21,HH_061,Semi-urban,0,9.1195,5.541,3.5785,1.922025,0.0
2024-01-22,HH_001,Semi-urban,0,12.5125,7.869,4.6435,2.6637750000000002,0.0
2024-01-22,HH_002,Rural,0,5.0244,3.208,1.8164,1.07446,0.0
2024-01-22,HH_003,Rural,1,4.5825000000000005,3.1002,1.4823,0.997395,0.22912500000000002
2024-01-22,HH_004,Rural,0,5.3936,3.2618,2.1318,1.13522,0.0
2024-01-22,HH_005,Urban,0,13.092,8.1893,4.9027,2.78273,0.0
2024-01-22,HH_006,Urban,0,9.0177,5.3786,3.6391,1.8905149999999997,0.0
2024-01-22,HH_007,Urban,1,5.9704,4.6517,1.3187,1.36073,0.29852
2024-01-22,HH_008,Rural,0,5.1043,3.1575,1.9468,1.081395,0.0
2024-01-22,HH_009,Rural,0,5.4513,3.2721999999999998,2.1791,1.144915,0.0
2024-01-22,HH_010,Rural,0,5.1105,3.1856,1.9249,1.085135,0.0
2024-01-22,HH_011,Urban,0,8.6838,5.0953,3.5885,1.8121,0.0
2024-01-22,HH_012,Rural,1,4.2995,3.0296,1.2699,0.947885,0.21497500000000003
2024-01-22,HH_013,Rural,0,5.1325,3.1679,1.9646,1.086665,0.0
2024-01-22,HH_014,Semi-urban,0,8.8932,5.3079,3.5853,1.86477,0.0
2024-01-22,HH_015,Urban,1,5.7729,4.5226,1.2503,1.318195,0.288645
2024-01-22,HH_016,Urban,1,10.2936,7.7461,2.5475000000000003,2.31865,0.51468
2024-01-22,HH_017,Semi-urban,0,8.5549,5.1276,3.4273000000000002,1.795995,0.0
2024-01-22,HH_018,Rural,1,3.4714,2.8421,0.6293,0.80492,0.17357
2024-01-22,HH_019,Semi-urban,0,8.9784,5.4708000000000006,3.5076,1.89384,0.0
2024-01-22,HH_020,Semi-urban,0,8.7911,5.262,3.5291,1.844865,0.0
2024-01-22,HH_021,Rural,1,4.0176,2.9963,1.0213,0.90227,0.20088
2024-01-22,HH_022,Urban,1,6.4705,5.0201,1.4504,1.472585,0.32352500000000006
2024-01-22,HH_023,Semi-urban,1,6.038,4.7729,1.2651,1.38299,0.30190000000000006
2024-01-22,HH_024,Semi-urban,1,8.4619,5.3188,3.1431,1.8011650000000001,0.423095
2024-01-22,HH_025,Semi-urban,0,8.9971,5.5624,3.4347,1.905805,0.0
2024-01-22,HH_026,Rural,0,5.2004,3.1604,2.04,1.0961,0.0
2024-01-22,HH_027,Urban,1,7.0998,5.0001,2.0997,1.5649799999999998,0.35499
2024-01-22,HH_028,Rural,0,5.4052999999999995,3.2709,2.1344,1.137885,0.0
2024-01-22,HH_029,Rural,1,4.5919,3.0723,1.5196,0.996015,0.229595
2024-01-22,HH_030,Urban,1,5.7351,4.5659,1.1692,1.316855,0.28675500000000004
2024-01-22,HH_031,Rural,1,3.5362,2.7932,0.743,0.80975,0.17681000000000002
2024-01-22,HH_032,Urban,0,8.7291,5.3483,3.3808,1.844195,0.0
2024-01-22,HH_033,Urban,0,12.9152,7.92,4.9952,2.72928,0.0
2024-01-22,HH_034,Rural,0,4.8895,3.0207,1.8688,1.035495,0.0
2024-01-22,HH_035,Rural,0,5.0084,3.0777,1.9307,1.05903,0.0
2024-01-22,HH_036,Rural,0,5.1909,3.1415,2.0494,1.0927850000000001,0.0
2024-01-22,HH_037,Semi-urban,0,8.6263,5.2504,3.3758999999999997,1.818985,0.0
2024-01-22,HH_038,Urban,0,8.8173,5.3198,3.4975,1.854575,0.0
2024-01-22,HH_039,Rural,0,5.1662,3.1154,2.0508,1.08647,0.0
2024-01-22,HH_040,Semi-urban,0,9.3598,5.5617,3.7981,1.96014,0.0
2024-01-22,HH_041,Urban,0,8.7223,5.3131,3.4092000000000002,1.839655,0.0
2024-01-22,HH_042,Semi-urban,0,8.9246,5.4265,3.4981,1.8813399999999998,0.0
2024-01-22,HH_043,Urban,1,12.1794,7.571,4.6084,2.5840099999999997,0.60897
2024-01-22,HH_044,Rural,0,5.3701,3.171,2.1991,1.122615,0.0
2024-01-22,HH_045,Semi-urban,0,9.0539,5.4283,3.6256,1.900915,0.0
2024-01-22,HH_046,Rural,0,5.7492,3.1631,2.5861,1.17869,0.0
2024-01-22,HH_047,Semi-urban,1,6.7002,4.9451,1.7551,1.49954,0.33501000000000003
2024-01-22,HH_048,Rural,0,5.0512999999999995,3.1405,1.9108,1.071745,0.0
2024-01-22,HH_049,Rural,0,5.3934,3.1875,2.2059,1.12776,0.0
2024-01-22,HH_050,Urban,0,12.8793,7.8873999999999995,4.9919,2.7206349999999997,0.0
2024-01-22,HH_051,Rural,0,5.3191,3.258,2.0611,1.123665,0.0
2024-01-22,HH_052,Rural,0,5.2546,3.2194,2.0352,1.1101299999999998,0.0
2024-01-22,HH_053,Rural,0,5.112,3.1254999999999997,1.9865,1.0793499999999998,0.0
2024-01-22,HH_054,Rural,0,5.1835,3.309,1.8745,1.108425,0.0
2024-01-22,HH_055,Rural,1,4.0535,2.993,1.0605,0.9073249999999999,0.202675
2024-01-22,HH_056,Rural,1,4.3198,3.0961,1.2237,0.95758,0.21599000000000002
2024-01-22,HH_057,Urban,0,8.6492,5.2756,3.3736,1.82494,0.0
2024-01-22,HH_058,Urban,0,8.9369,5.4333,3.5036,1.8838650000000001,0.0
2024-01-22,HH_059,Urban,1,8.3676,5.3427,3.0248999999999997,1.78941,0.41838
2024-01-22,HH_060,Semi-urban,0,9.0127,5.3024,3.7103,1.882145,0.0
2024-01-22,HH_061,Semi-urban,0,8.5415,5.128,3.4135,1.794025,0.0
2024-01-23,HH_001,Semi-urban,0,13.3294,8.451,4.8784,2.84451,0.0
2024-01-23,HH_002,Rural,0,5.2692,3.1803,2.0889,1.1084100000000001,0.0
2024-01-23,HH_003,Rural,1,4.522,3.136,1.3860000000000001,0.9919,0.22610000000000002
2024-01-23,HH_004,Rural,0,5.1113,3.2307,1.8806,1.089765,0.0
2024-01-23,HH_005,Urban,0,13.3737,8.1737,5.2,2.8234250000000003,0.0
2024-01-23,HH_006,Urban,0,8.956199999999999,5.5809,3.3752999999999997,1.9015199999999999,0.0
2024-01-23,HH_007,Urban,1,5.9876,4.5583,1.4293,1.35397,0.29938
2024-01-23,HH_008,Rural,0,5.1054,3.2628,1.8426,1.09209,0.0
2024-01-23,HH_009,Rural,0,5.0294,3.0369,1.9925,1.0581,0.0
2024-01-23,HH_010,Rural,0,5.2681000000000004,3.3026,1.9655,1.1204749999999999,0.0
2024-01-23,HH_011,Urban,0,8.7978,5.5934,3.2044,1.87901,0.0
2024-01-23,HH_012,Rural,1,4.0841,2.88,1.2041,0.9006149999999999,0.20420500000000003
2024-01-23,HH_013,Rural,0,5.4329,3.3273,2.1056,1.147665,0.0
2024-01-23,HH_014,Semi-urban,0,8.461,5.3924,3.0686,1.8083900000000002,0.0
2024-01-23,HH_015,Urban,1,5.8383,4.6784,1.1599,1.343585,0.29191500000000004
2024-01-23,HH_016,Urban,1,9.4425,7.1882,2.2542999999999997,2.135195,0.4721250000000001
2024-01-23,HH_017,Semi-urban,0,8.8427,5.4329,3.4098,1.869695,0.0
2024-01-23,HH_018,Rural,1,3.6063,2.9098,0.6965,0.831925,0.180315
2024-01-23,HH_019,Semi-urban,0,9.1093,5.2498000000000005,3.8595,1.891375,0.0
2024-01-23,HH_020,Semi-urban,0,8.4709,5.1653,3.3056,1.7871650000000001,0.0
2024-01-23,HH_021,Rural,1,4.1328000000000005,2.9932,1.1396,0.91924,0.20664000000000005
2024-01-23,HH_022,Urban,1,6.7731,4.966600000000001,1.8065,1.512625,0.33865500000000004
2024-01-23,HH_023,Semi-urban,1,5.5979,4.589,1.0089000000000001,1.298585,0.279895
2024-01-23,HH_024,Semi-urban,1,8.1746,5.261,2.9136,1.7522900000000001,0.40873000000000004
2024-01-23,HH_025,Semi-urban,0,8.7749,5.5491,3.2258,1.871145,0.0
2024-01-23,HH_026,Rural,0,5.1242,3.1419,1.9823,1.08282,0.0
2024-01-23,HH_027,Urban,1,6.7139,4.9054,1.8085,1.497625,0.335695
2024-01-23,HH_028,Rural,0,5.146,3.2672,1.8788,1.09862,0.0
2024-01-23,HH_029,Rural,1,4.6519,3.1461,1.5058,1.012395,0.23259500000000002
2024-01-23,HH_030,Urban,1,6.0703,4.6204,1.4499,1.372585,0.303515
2024-01-23,HH_031,Rural,1,3.5434,2.7553,0.7881,0.80704,0.17717000000000002
2024-01-23,HH_032,Urban,0,9.169,5.4556,3.7134,1.92091,0.0
2024-01-23,HH_033,Urban,0,13.2902,8.044,5.2462,2.79793,0.0
2024-01-23,HH_034,Rural,0,5.297,3.3842,1.9128,1.13297,0.0
2024-01-23,HH_035,Rural,0,5.2995,3.3315,1.968,1.128075,0.0
2024-01-23,HH_036,Rural,0,5.2128,3.1592000000000002,2.0536,1.0978400000000001,0.0
2024-01-23,HH_037,Semi-urban,0,8.856300000000001,5.3941,3.4622,1.867855,0.0
2024-01-23,HH_038,Urban,0,8.4571,5.1571,3.3,1.7842749999999998,0.0
2024-01-23,HH_039,Rural,0,5.155,3.1152,2.0398,1.08477,0.0
2024-01-23,HH_040,Semi-urban,0,8.673,5.4724,3.2006,1.8481900000000002,0.0
2024-01-23,HH_041,Urban,0,8.7612,5.2454,3.5158,1.83872,0.0
2024-01-23,HH_042,Semi-urban,0,8.6524,5.3152,3.3372,1.82938,0.0
2024-01-23,HH_043,Urban,1,11.9145,7.6951,4.2194,2.556685,0.5957250000000001
2024-01-23,HH_044,Rural,0,5.1986,3.2619,1.9367,1.10598,0.0
2024-01-23,HH_045,Semi-urban,0,9.0087,5.4296999999999995,3.579,1.894275,0.0
2024-01-23,HH_046,Rural,0,5.3077,3.1931,2.1146,1.115465,0.0
2024-01-23,HH_047,Semi-urban,1,6.5253,5.0001,1.5252000000000001,1.478805,0.326265
2024-01-23,HH_048,Rural,0,4.9941,2.9564,2.0377,1.0447549999999999,0.0
2024-01-23,HH_049,Rural,0,5.4072,3.2811,2.1261,1.13919,0.0
2024-01-23,HH_050,Urban,0,13.297,7.9647,5.3323,2.79102,0.0
2024-01-23,HH_051,Rural,0,5.003,3.1114,1.8916,1.06159,0.0
2024-01-23,HH_052,Rural,0,5.1957,3.1484,2.0473,1.094195,0.0
2024-01-23,HH_053,Rural,0,5.4191,3.3609999999999998,2.0581,1.148965,0.0
2024-01-23,HH_054,Rural,0,5.1281,3.144,1.9841,1.083615,0.0
2024-01-23,HH_055,Rural,1,4.1548,2.9359,1.2189,0.91681,0.20774
2024-01-23,HH_056,Rural,1,4.2932,2.949,1.3442,0.9388799999999999,0.21466
2024-01-23,HH_057,Urban,0,9.0096,5.5712,3.4383999999999997,1.90856,0.0
2024-01-23,HH_058,Urban,0,9.0621,5.6782,3.3839,1.927135,0.0
2024-01-23,HH_059,Urban,1,7.9649,5.2508,2.7141,1.719815,0.398245
2024-01-23,HH_060,Semi-urban,0,8.633,5.2793,3.3537,1.82288,0.0
2024-01-23,HH_061,Semi-urban,0,8.7105,5.4711,3.2394,1.853685,0.0
2024-01-24,HH_001,Semi-urban,0,12.8873,8.2975,4.5898,2.762845,0.0
2024-01-24,HH_002,Rural,0,5.1747,3.1195,2.0552,1.088155,0.0
2024-01-24,HH_003,Rural,1,4.662,3.0677,1.5943,1.00607,0.2331
2024-01-24,HH_004,Rural,0,5.2526,3.2442,2.0084,1.11231,0.0
2024-01-24,HH_005,Urban,0,12.9405,8.119299999999999,4.8212,2.753005,0.0
2024-01-24,HH_006,Urban,0,8.4549,5.1685,3.2864,1.785085,0.0
2024-01-24,HH_007,Urban,1,6.2219,4.7378,1.4841,1.407065,0.311095
2024-01-24,HH_008,Rural,0,5.1461,3.219,1.9271,1.093815,0.0
2024-01-24,HH_009,Rural,0,5.0446,3.1015,1.9431,1.06684,0.0
2024-01-24,HH_010,Rural,0,5.2214,3.2749,1.9465,1.1107,0.0
2024-01-24,HH_011,Urban,0,8.6695,5.3058,3.3637,1.8310049999999998,0.0
2024-01-24,HH_012,Rural,1,4.1013,2.9599,1.1414,0.911185,0.20506500000000003
2024-01-24,HH_013,Rural,0,5.284,3.3033,1.9807000000000001,1.12293,0.0
2024-01-24,HH_014,Semi-urban,0,8.5215,5.4192,3.1023,1.8201450000000001,0.0
2024-01-24,HH_015,Urban,1,6.0067,4.8665,1.1402,1.387655,0.300335
2024-01-24,HH_016,Urban,1,9.4883,7.1021,2.3862,2.133455,0.47441500000000003
2024-01-24,HH_017,Semi-urban,0,8.4997,5.4695,3.0302,1.8219049999999999,0.0
2024-01-24,HH_018,Rural,1,3.6055,2.827,0.7785,0.823525,0.18027500000000002
2024-01-24,HH_019,Semi-urban,0,8.5807,5.3433,3.2374,1.8214350000000001,0.0
2024-01-24,HH_020,Semi-urban,0,8.5157,5.4191,3.0966,1.8192650000000001,0.0
2024-01-24,HH_021,Rural,1,4.1289,2.98,1.1489,0.917335,0.206445
2024-01-24,HH_022,Urban,1,6.9789,4.8972999999999995,2.0816,1.536565,0.34894500000000006
2024-01-24,HH_023,Semi-urban,1,5.7377,4.7887,0.949,1.339525,0.286885
2024-01-24,HH_024,Semi-urban,1,7.9279,5.2757000000000005,2.6522,1.716755,0.39639500000000005
2024-01-24,HH_025,Semi-urban,0,8.8242,5.2118,3.6124,1.84481,0.0
2024-01-24,HH_026,Rural,0,5.0308,3.0718,1.9589999999999999,1.0617999999999999,0.0
2024-01-24,HH_027,Urban,1,6.9409,4.9039,2.037,1.531525,0.34704500000000005
2024-01-24,HH_028,Rural,0,5.2382,3.2262,2.012,1.10835,0.0
2024-01-24,HH_029,Rural,1,4.6469,3.1418,1.5051,1.011215,0.232345
2024-01-24,HH_030,Urban,1,6.291799999999999,5.0146,1.2772000000000001,1.44523,0.31459
2024-01-24,HH_031,Rural,1,3.6938999999999997,2.8083,0.8855999999999999,0.834915,0.184695
2024-01-24,HH_032,Urban,0,8.2377,5.1784,3.0593,1.753495,0.0
2024-01-24,HH_033,Urban,0,12.5841,7.9293,4.6548,2.680545,0.0
2024-01-24,HH_034,Rural,0,5.2988,3.3639,1.9349,1.13121,0.0
2024-01-24,HH_035,Rural,0,6.1334,4.2267,1.9066999999999998,1.34268,0.0
2024-01-24,HH_036,Rural,0,5.1951,3.2392,1.9559,1.1031849999999999,0.0
2024-01-24,HH_037,Semi-urban,0,8.4748,5.3282,3.1466,1.8040399999999999,0.0
2024-01-24,HH_038,Urban,0,8.9806,5.2825,3.6981,1.87534,0.0
2024-01-24,HH_039,Rural,0,5.1706,3.2116,1.959,1.09675,0.0
2024-01-24,HH_040,Semi-urban,0,8.6045,5.2814,3.3230999999999997,1.8188149999999998,0.0
2024-01-24,HH_041,Urban,0,9.0551,5.4375,3.6176,1.902015,0.0
2024-01-24,HH_042,Semi-urban,0,8.904,5.2872,3.6168,1.8643200000000002,0.0
2024-01-24,HH_043,Urban,1,12.0548,7.6266,4.4282,2.57088,0.60274
2024-01-24,HH_044,Rural,0,5.1636,3.1172,2.0464,1.08626,0.0
2024-01-24,HH_045,Semi-urban,0,8.7643,5.354,3.4103000000000003,1.8500450000000002,0.0
2024-01-24,HH_046,Rural,0,5.1785,3.2465,1.932,1.101425,0.0
2024-01-24,HH_047,Semi-urban,1,6.6916,4.9511,1.7405,1.49885,0.33458000000000004
2024-01-24,HH_048,Rural,0,5.2419,3.2121999999999997,2.0297,1.107505,0.0
2024-01-24,HH_049,Rural,0,5.1287,3.1846,1.9441,1.087765,0.0
2024-01-24,HH_050,Urban,0,12.9113,7.8004,5.1109,2.716735,0.0
2024-01-24,HH_051,Rural,0,4.9769,3.1683,1.8086,1.063365,0.0
2024-01-24,HH_052,Rural,0,5.38,3.1984,2.1816,1.12684,0.0
2024-01-24,HH_053,Rural,0,5.2278,3.2233,2.0045,1.1065,0.0
2024-01-24,HH_054,Rural,0,5.3899,3.3346,2.0553,1.141945,0.0
2024-01-24,HH_055,Rural,1,4.1732,2.8352,1.338,0.9095,0.20865999999999998
2024-01-24,HH_056,Rural,1,4.2521,3.105,1.1471,0.948315,0.21260500000000004
2024-01-24,HH_057,Urban,0,8.5366,5.4374,3.0992,1.82423,0.0
2024-01-24,HH_058,Urban,0,8.6653,5.2025,3.4628,1.820045,0.0
2024-01-24,HH_059,Urban,1,8.7712,5.4843,3.2868999999999997,1.86411,0.43856000000000006
2024-01-24,HH_060,Semi-urban,0,8.3561,5.0683,3.2878,1.7602449999999998,0.0
2024-01-24,HH_061,Semi-urban,0,8.7088,5.403,3.3058,1.84662,0.0
2024-01-25,HH_001,Semi-urban,0,13.1392,8.0649,5.0743,2.77737,0.0
2024-01-25,HH_002,Rural,0,5.1976,3.277,1.9205999999999999,1.10734,0.0
2024-01-25,HH_003,Rural,1,4.9489,3.1341,1.8148,1.055745,0.24744500000000003
2024-01-25,HH_004,Rural,0,5.3184000000000005,3.3075,2.0109,1.12851,0.0
2024-01-25,HH_005,Urban,0,13.0031,8.1905,4.8126,2.769515,0.0
2024-01-25,HH_006,Urban,0,8.7694,5.4386,3.3308,1.85927,0.0
2024-01-25,HH_007,Urban,1,5.9265,4.6293,1.2972,1.351905,0.296325
2024-01-25,HH_008,Rural,0,5.4035,3.2648,2.1387,1.137005,0.0
2024-01-25,HH_009,Rural,0,5.2279,3.14,2.0879,1.098185,0.0
2024-01-25,HH_010,Rural,0,4.9494,3.1884,1.7610000000000001,1.06125,0.0
2024-01-25,HH_011,Urban,0,8.6052,5.2941,3.3110999999999997,1.82019,0.0
2024-01-25,HH_012,Rural,1,4.3223,2.9646,1.3577,0.9448049999999999,0.21611500000000003
2024-01-25,HH_013,Rural,0,5.1588,3.2234,1.9354,1.09616,0.0
2024-01-25,HH_014,Semi-urban,0,9.0618,5.4646,3.5972,1.90573,0.0
2024-01-25,HH_015,Urban,1,5.9344,4.4993,1.4351,1.34009,0.29672000000000004
2024-01-25,HH_016,Urban,1,9.8773,7.2381,2.6392,2.205405,0.493865
2024-01-25,HH_017,Semi-urban,0,8.6247,5.556,3.0687,1.849305,0.0
2024-01-25,HH_018,Rural,1,3.4818,2.6811000000000003,0.8007,0.7903800000000001,0.17409
2024-01-25,HH_019,Semi-urban,0,8.3152,5.3602,2.955,1.7832999999999999,0.0
2024-01-25,HH_020,Semi-urban,0,8.7681,5.3604,3.4077,1.851255,0.0
2024-01-25,HH_021,Rural,1,4.393,3.1513,1.2417,0.9740800000000001,0.21965
2024-01-25,HH_022,Urban,1,6.6669,4.8885000000000005,1.7784,1.4888850000000002,0.333345
2024-01-25,HH_023,Semi-urban,1,5.8751,4.6576,1.2175,1.3470250000000001,0.293755
2024-01-25,HH_024,Semi-urban,1,8.5008,5.282,3.2188,1.80332,0.42504000000000003
2024-01-25,HH_025,Semi-urban,0,8.6142,5.2638,3.3504,1.8185099999999998,0.0
2024-01-25,HH_026,Rural,0,5.3267,3.3024,2.0243,1.129245,0.0
2024-01-25,HH_027,Urban,1,6.8659,5.056,1.8098999999999998,1.535485,0.343295
2024-01-25,HH_028,Rural,0,5.1485,3.1250999999999998,2.0234,1.0847849999999999,0.0
2024-01-25,HH_029,Rural,1,4.9422,3.2649999999999997,1.6772,1.0678299999999998,0.24711
2024-01-25,HH_030,Urban,1,5.5823,4.3696,1.2127000000000001,1.274305,0.279115
2024-01-25,HH_031,Rural,1,3.7646,2.9721,0.7925,0.8619,0.18823
2024-01-25,HH_032,Urban,0,8.9739,5.3914,3.5825,1.885225,0.0
2024-01-25,HH_033,Urban,0,13.6389,8.3657,5.2732,2.8824050000000003,0.0
2024-01-25,HH_034,Rural,0,5.3853,3.2223,2.1630000000000003,1.130025,0.0
2024-01-25,HH_035,Rural,0,5.2996,3.2124,2.0872,1.11618,0.0
2024-01-25,HH_036,Rural,0,5.205,3.1652,2.0398,1.09727,0.0
2024-01-25,HH_037,Semi-urban,0,8.1473,5.1499,2.9974,1.737085,0.0
2024-01-25,HH_038,Urban,0,10.9981,7.6302,3.3679,2.412735,0.0
2024-01-25,HH_039,Rural,0,5.0967,3.1805,1.9162,1.082555,0.0
2024-01-25,HH_040,Semi-urban,0,8.812899999999999,5.5936,3.2193,1.8812950000000002,0.0
2024-01-25,HH_041,Urban,0,8.4274,4.9857,3.4417,1.76268,0.0
2024-01-25,HH_042,Semi-urban,0,9.0365,5.3494,3.6871,1.890415,0.0
2024-01-25,HH_043,Urban,1,12.1317,7.8503,4.2814,2.6047849999999997,0.606585
2024-01-25,HH_044,Rural,0,5.2021,3.1549,2.0472,1.095805,0.0
2024-01-25,HH_045,Semi-urban,0,8.7538,5.481,3.2728,1.86117,0.0
2024-01-25,HH_046,Rural,0,5.1131,3.2626,1.8505,1.093225,0.0
2024-01-25,HH_047,Semi-urban,1,6.7512,5.1312,1.62,1.5257999999999998,0.33756
2024-01-25,HH_048,Rural,0,5.2273,3.1501,2.0772,1.099105,0.0
2024-01-25,HH_049,Rural,0,5.5164,3.3913,2.1251,1.16659,0.0
2024-01-25,HH_050,Urban,0,13.2571,8.0171,5.24,2.790275,0.0
2024-01-25,HH_051,Rural,0,5.0938,3.0597,2.0341,1.0700399999999999,0.0
2024-01-25,HH_052,Rural,0,5.4145,3.0548,2.3597,1.117655,0.0
2024-01-25,HH_053,Rural,0,5.3467,3.2965,2.0502000000000002,1.131655,0.0
2024-01-25,HH_054,Rural,0,5.1655999999999995,3.225,1.9406,1.09734,0.0
2024-01-25,HH_055,Rural,1,4.1298,2.7905,1.3393,0.89852,0.20649000000000003
2024-01-25,HH_056,Rural,1,4.151,3.0117,1.1393,0.92382,0.20755
2024-01-25,HH_057,Urban,0,8.4907,5.2554,3.2353,1.799145,0.0
2024-01-25,HH_058,Urban,0,8.8191,5.3363,3.4828,1.8564949999999998,0.0
2024-01-25,HH_059,Urban,1,8.8322,5.3966,3.4356,1.86449,0.44161000000000006
2024-01-25,HH_060,Semi-urban,0,8.7935,5.3834,3.4101,1.857365,0.0
2024-01-25,HH_061,Semi-urban,0,8.2608,5.1813,3.0795,1.75725,0.0
2024-01-26,HH_001,Semi-urban,0,12.8019,8.0235,4.7784,2.7226350000000004,0.0
2024-01-26,HH_002,Rural,0,5.3243,3.2661,2.0582000000000003,1.125255,0.0
2024-01-26,HH_003,Rural,1,4.9307,3.2194,1.7113,1.061545,0.246535
2024-01-26,HH_004,Rural,0,5.4033999999999995,3.1681999999999997,2.2352,1.12733,0.0
2024-01-26,HH_005,Urban,0,13.0287,7.9859,5.0428,2.752895,0.0
2024-01-26,HH_006,Urban,0,8.9374,5.5931,3.3443,1.8999199999999998,0.0
2024-01-26,HH_007,Urban,1,5.9775,4.6406,1.3369,1.360685,0.298875
2024-01-26,HH_008,Rural,0,5.2372,3.1923,2.0449,1.10481,0.0
2024-01-26,HH_009,Rural,0,5.2219999999999995,3.2748,1.9472,1.11078,0.0
2024-01-26,HH_010,Rural,0,5.0593,3.0664,1.9929000000000001,1.065535,0.0
2024-01-26,HH_011,Urban,0,8.5808,5.2328,3.348,1.8104,0.0
2024-01-26,HH_012,Rural,1,3.8677,2.8132,1.0545,0.861475,0.19338500000000003
2024-01-26,HH_013,Rural,0,5.2454,3.3366000000000002,1.9087999999999998,1.12047,0.0
2024-01-26,HH_014,Semi-urban,0,8.2089,5.0868,3.1221,1.740015,0.0
2024-01-26,HH_015,Urban,1,6.0964,4.5297,1.5667,1.36743,0.30482000000000004
2024-01-26,HH_016,Urban,1,9.3392,7.5028,1.8364,2.15116,0.46696000000000004
2024-01-26,HH_017,Semi-urban,0,8.6641,5.3557,3.3084,1.8351849999999998,0.0
2024-01-26,HH_018,Rural,1,3.3578,2.8132,0.5446,0.7849900000000001,0.16789
2024-01-26,HH_019,Semi-urban,0,8.7981,5.4678,3.3303000000000003,1.866495,0.0
2024-01-26,HH_020,Semi-urban,0,8.7226,5.2402,3.4824,1.8324099999999999,0.0
2024-01-26,HH_021,Rural,1,4.4121,3.1437,1.2684,0.976185,0.220605
2024-01-26,HH_022,Urban,1,6.6154,4.9263,1.6891,1.4849400000000001,0.33077
2024-01-26,HH_023,Semi-urban,1,6.0609,4.8100000000000005,1.2509,1.3901350000000001,0.303045
2024-01-26,HH_024,Semi-urban,1,8.3507,5.4202,2.9305,1.7946250000000001,0.417535
2024-01-26,HH_025,Semi-urban,0,8.5787,5.2031,3.3756,1.807115,0.0
2024-01-26,HH_026,Rural,0,5.1997,3.0936,2.1061,1.089315,0.0
2024-01-26,HH_027,Urban,1,6.8433,5.0504,1.7929,1.5315349999999999,0.34216500000000005
2024-01-26,HH_028,Rural,0,4.7831,3.0775,1.7056,1.025215,0.0
2024-01-26,HH_029,Rural,1,4.6161,2.9981,1.618,0.992225,0.23080500000000004
2024-01-26,HH_030,Urban,1,6.3358,4.9305,1.4053,1.4434200000000001,0.31679
2024-01-26,HH_031,Rural,1,3.5392,2.7973,0.7419,0.8106099999999999,0.17696
2024-01-26,HH_032,Urban,0,9.0048,5.6634,3.3414,1.9170600000000002,0.0
2024-01-26,HH_033,Urban,0,12.5912,8.007299999999999,4.5839,2.6894099999999996,0.0
2024-01-26,HH_034,Rural,0,5.2592,3.2925,1.9667,1.1181299999999998,0.0
2024-01-26,HH_035,Rural,0,5.4792,3.2805999999999997,2.1986,1.14994,0.0
2024-01-26,HH_036,Rural,0,5.0499,3.118,1.9319000000000002,1.069285,0.0
2024-01-26,HH_037,Semi-urban,0,8.8085,5.3131,3.4954,1.852585,0.0
2024-01-26,HH_038,Urban,0,8.8504,5.2185,3.6319,1.8494099999999998,0.0
2024-01-26,HH_039,Rural,0,5.0988999999999995,3.0543,2.0446,1.070265,0.0
2024-01-26,HH_040,Semi-urban,0,8.5687,5.3102,3.2584999999999997,1.816325,0.0
2024-01-26,HH_041,Urban,0,8.9984,5.3933,3.6051,1.88909,0.0
2024-01-26,HH_042,Semi-urban,0,8.3996,5.2673,3.1323,1.78667,0.0
2024-01-26,HH_043,Urban,1,12.324,8.0895,4.2345,2.6575499999999996,0.6162000000000001
2024-01-26,HH_044,Rural,0,5.2059,3.2689,1.937,1.107775,0.0
2024-01-26,HH_045,Semi-urban,0,9.0717,5.5917,3.48,1.919925,0.0
2024-01-26,HH_046,Rural,0,5.0829,3.0754,2.0075,1.069975,0.0
2024-01-26,HH_047,Semi-urban,1,6.9655,5.0272,1.9383,1.547545,0.348275
2024-01-26,HH_048,Rural,0,5.7915,3.7737,2.0178,1.246095,0.0
2024-01-26,HH_049,Rural,0,5.1262,3.2396,1.8866,1.09289,0.0
2024-01-26,HH_050,Urban,0,12.7641,7.779,4.9851,2.692515,0.0
2024-01-26,HH_051,Rural,0,5.9606,3.8752,2.0854,1.28161,0.0
2024-01-26,HH_052,Rural,0,5.1279,3.0704,2.0575,1.076225,0.0
2024-01-26,HH_053,Rural,0,5.1644,3.2874,1.877,1.1034,0.0
2024-01-26,HH_054,Rural,0,5.2267,3.2872,1.9395,1.112725,0.0
2024-01-26,HH_055,Rural,1,3.9977,2.9149,1.0828,0.891145,0.199885
2024-01-26,HH_056,Rural,1,4.2695,3.0195,1.25,0.942375,0.213475
2024-01-26,HH_057,Urban,0,8.572000000000001,5.4871,3.0849,1.8345099999999999,0.0
2024-01-26,HH_058,Urban,0,8.9426,5.4875,3.4551,1.89014,0.0
2024-01-26,HH_059,Urban,1,8.0023,5.1249,2.8773999999999997,1.712835,0.400115
2024-01-26,HH_060,Semi-urban,0,8.6802,5.1299,3.5503,1.81502,0.0
2024-01-26,HH_061,Semi-urban,0,9.0138,5.504,3.5098,1.9024699999999999,0.0
2024-01-27,HH_001,Semi-urban,0,13.3831,8.145999999999999,5.2371,2.822065,0.0
2024-01-27,HH_002,Rural,0,5.342,3.4055,1.9365,1.14185,0.0
2024-01-27,HH_003,Rural,1,4.6995,3.0161,1.6834,1.006535,0.234975
2024-01-27,HH_004,Rural,0,5.2976,3.2233,2.0743,1.11697,0.0
2024-01-27,HH_005,Urban,0,13.4534,8.2877,5.1657,2.84678,0.0
2024-01-27,HH_006,Urban,0,8.3341,4.9757,3.3584,1.747685,0.0
2024-01-27,HH_007,Urban,1,5.7242999999999995,4.3938,1.3305,1.298025,0.286215
2024-01-27,HH_008,Rural,0,5.1954,3.2305,1.9649,1.10236,0.0
2024-01-27,HH_009,Rural,0,5.2766,3.2256,2.051,1.11405,0.0
2024-01-27,HH_010,Rural,0,5.1607,3.1197,2.041,1.086075,0.0
2024-01-27,HH_011,Urban,0,10.4514,7.4234,3.028,2.31005,0.0
2024-01-27,HH_012,Rural,1,4.1903,3.0507,1.1396,0.933615,0.209515
2024-01-27,HH_013,Rural,0,5.4652,3.2522,2.213,1.145,0.0
2024-01-27,HH_014,Semi-urban,0,8.7156,5.5459,3.1697,1.8619299999999999,0.0
2024-01-27,HH_015,Urban,1,5.9378,4.6245,1.3133,1.35312,0.29689000000000004
2024-01-27,HH_016,Urban,1,8.9614,6.9648,1.9966,2.04069,0.44806999999999997
2024-01-27,HH_017,Semi-urban,0,8.7941,5.2631,3.5309999999999997,1.8454249999999999,0.0
2024-01-27,HH_018,Rural,1,3.4527,2.8086,0.6441,0.7987650000000001,0.172635
2024-01-27,HH_019,Semi-urban,0,8.9436,5.2955,3.6481000000000003,1.87109,0.0
2024-01-27,HH_020,Semi-urban,0,8.8777,5.2766,3.6011,1.859315,0.0
2024-01-27,HH_021,Rural,1,4.3762,3.0654,1.3108,0.96297,0.21881
2024-01-27,HH_022,Urban,1,6.883900000000001,4.9409,1.943,1.526675,0.34419500000000003
2024-01-27,HH_023,Semi-urban,1,6.0475,4.777,1.2705,1.384825,0.30237500000000006
2024-01-27,HH_024,Semi-urban,1,8.0028,5.2653,2.7375,1.72695,0.40014000000000005
2024-01-27,HH_025,Semi-urban,0,8.8759,5.3919,3.484,1.8705749999999999,0.0
2024-01-27,HH_026,Rural,0,5.0308,3.0843000000000003,1.9465,1.06305,0.0
2024-01-27,HH_027,Urban,1,6.5732,4.8896,1.6836,1.47494,0.32866
2024-01-27,HH_028,Rural,0,5.385,3.2856,2.0994,1.13631,0.0
2024-01-27,HH_029,Rural,1,4.5454,3.0294,1.516,0.98475,0.22727
2024-01-27,HH_030,Urban,1,5.8935,4.6716,1.2219,1.3511849999999999,0.294675
2024-01-27,HH_031,Rural,1,3.6736,2.9009,0.7726999999999999,0.8411299999999999,0.18368
2024-01-27,HH_032,Urban,0,8.75,5.4319,3.3181000000000003,1.85569,0.0
2024-01-27,HH_033,Urban,0,13.862,8.6193,5.2427,2.94123,0.0
2024-01-27,HH_034,Rural,0,5.2611,3.2640000000000002,1.9971,1.1155650000000001,0.0
2024-01-27,HH_035,Rural,0,5.1288,3.2003,1.9285,1.08935,0.0
2024-01-27,HH_036,Rural,0,5.2325,3.206,2.0265,1.105475,0.0
2024-01-27,HH_037,Semi-urban,0,8.9628,5.4069,3.5559,1.88511,0.0
2024-01-27,HH_038,Urban,0,8.5992,5.1904,3.4088,1.80892,0.0
2024-01-27,HH_039,Rural,0,5.2193,3.2701000000000002,1.9492,1.109905,0.0
2024-01-27,HH_040,Semi-urban,0,8.5284,5.3304,3.198,1.8123,0.0
2024-01-27,HH_041,Urban,0,8.9019,5.4596,3.4423,1.8812449999999998,0.0
2024-01-27,HH_042,Semi-urban,0,8.7611,5.571,3.1901,1.871265,0.0
2024-01-27,HH_043,Urban,1,12.1695,8.2172,3.9523,2.647145,0.608475
2024-01-27,HH_044,Rural,0,5.2239,3.2191,2.0048,1.105495,0.0
2024-01-27,HH_045,Semi-urban,0,8.525,5.3281,3.1969,1.81156,0.0
2024-01-27,HH_046,Rural,0,5.1317,3.2229,1.9088,1.0920450000000002,0.0
2024-01-27,HH_047,Semi-urban,1,7.3166,5.7984,1.5182,1.67733,0.36583000000000004
2024-01-27,HH_048,Rural,0,5.239,3.206,2.033,1.10645,0.0
2024-01-27,HH_049,Rural,0,5.1817,3.2767,1.905,1.104925,0.0
2024-01-27,HH_050,Urban,0,13.3971,8.0592,5.3379,2.8154850000000002,0.0
2024-01-27,HH_051,Rural,0,5.1278,3.1249000000000002,2.0029,1.08166,0.0
2024-01-27,HH_052,Rural,0,5.2143,3.2146,1.9997,1.103605,0.0
2024-01-27,HH_053,Rural,0,5.2719000000000005,3.2692,2.0027,1.117705,0.0
2024-01-27,HH_054,Rural,0,5.1171,3.2255000000000003,1.8916,1.090115,0.0
2024-01-27,HH_055,Rural,1,4.3786,3.103,1.2756,0.96709,0.21892999999999999
2024-01-27,HH_056,Rural,1,4.0937,2.9622,1.1315,0.9102750000000001,0.204685
2024-01-27,HH_057,Urban,0,8.7635,5.4144,3.3491,1.8559649999999999,0.0
2024-01-27,HH_058,Urban,0,8.1865,5.2111,2.9754,1.749085,0.0
2024-01-27,HH_059,Urban,1,8.499,5.3915,3.1075,1.8139999999999998,0.42495000000000005
2024-01-27,HH_060,Semi-urban,0,8.8125,5.4102,3.4023,1.862895,0.0
2024-01-27,HH_061,Semi-urban,0,8.8957,5.4329,3.4628,1.877645,0.0
2024-01-28,HH_001,Semi-urban,0,12.2875,7.5083,4.7792,2.5939550000000002,0.0
2024-01-28,HH_002,Rural,0,5.381,3.2592,2.1218,1.13307,0.0
2024-01-28,HH_003,Rural,1,4.3192,2.9162,1.403,0.9395,0.21596000000000004
2024-01-28,HH_004,Rural,0,4.915,3.1494999999999997,1.7655,1.0522,0.0
2024-01-28,HH_005,Urban,0,13.6462,7.8915,5.7547,2.83608,0.0
2024-01-28,HH_006,Urban,0,8.5885,5.2927,3.2958,1.817545,0.0
2024-01-28,HH_007,Urban,1,6.3706,4.7175,1.6531,1.42734,0.31853
2024-01-28,HH_008,Rural,0,5.1955,3.1467,2.0488,1.093995,0.0
2024-01-28,HH_009,Rural,0,5.1775,3.3167999999999997,1.8607,1.1083049999999999,0.0
2024-01-28,HH_010,Rural,0,5.3872,3.25,2.1372,1.13308,0.0
2024-01-28,HH_011,Urban,0,8.6742,5.4515,3.2227,1.8462800000000001,0.0
2024-01-28,HH_012,Rural,1,4.3854,3.1042,1.2812000000000001,0.96823,0.21927
2024-01-28,HH_013,Rural,0,5.2806,3.1997,2.0809,1.11206,0.0
2024-01-28,HH_014,Semi-urban,0,8.7337,5.6537,3.08,1.875425,0.0
2024-01-28,HH_015,Urban,1,5.8739,4.7114,1.1625,1.352225,0.293695
2024-01-28,HH_016,Urban,1,9.4131,7.1876,2.2255,2.130725,0.47065500000000005
2024-01-28,HH_017,Semi-urban,0,8.612,5.4286,3.1834000000000002,1.83466,0.0
2024-01-28,HH_018,Rural,1,3.5502,2.7815,0.7686999999999999,0.81068,0.17751
2024-01-28,HH_019,Semi-urban,0,8.9876,5.3881,3.5995,1.88695,0.0
2024-01-28,HH_020,Semi-urban,0,8.8007,5.3243,3.4764,1.852535,0.0
2024-01-28,HH_021,Rural,1,4.2135,3.1229,1.0906,0.944315,0.210675
2024-01-28,HH_022,Urban,1,6.6567,4.9787,1.678,1.496375,0.332835
2024-01-28,HH_023,Semi-urban,1,6.0962000000000005,4.744,1.3522,1.38883,0.30481
2024-01-28,HH_024,Semi-urban,1,8.189,5.1854,3.0036,1.7468899999999998,0.40945000000000004
2024-01-28,HH_025,Semi-urban,0,8.6244,5.3482,3.2762,1.8284799999999999,0.0
2024-01-28,HH_026,Rural,0,5.1851,3.3212,1.8639000000000001,1.109885,0.0
2024-01-28,HH_027,Urban,1,6.7822000000000005,5.0384,1.7438,1.5211700000000001,0.33911
2024-01-28,HH_028,Rural,0,5.229,3.1926,2.0364,1.10361,0.0
2024-01-28,HH_029,Rural,1,4.5182,3.0011,1.5171000000000001,0.97784,0.22591000000000003
2024-01-28,HH_030,Urban,1,5.9616,4.7131,1.2485,1.36555,0.29808
2024-01-28,HH_031,Rural,1,3.7653,2.9314,0.8339,0.857935,0.18826500000000002
2024-01-28,HH_032,Urban,0,8.9221,5.4631,3.459,1.884625,0.0
2024-01-28,HH_033,Urban,0,12.9766,8.105,4.8716,2.75699,0.0
2024-01-28,HH_034,Rural,0,5.2054,3.1739,2.0315,1.0982,0.0
2024-01-28,HH_035,Rural,0,5.0909,3.1084,1.9825,1.074475,0.0
2024-01-28,HH_036,Rural,0,5.2253,3.0996,2.1257,1.093755,0.0
2024-01-28,HH_037,Semi-urban,0,8.5224,5.4436,3.0787999999999998,1.82272,0.0
2024-01-28,HH_038,Urban,0,8.3571,5.1383,3.2188,1.767395,0.0
2024-01-28,HH_039,Rural,0,5.2642,3.1034,2.1608,1.0999700000000001,0.0
2024-01-28,HH_040,Semi-urban,0,8.4655,5.3345,3.131,1.803275,0.0
2024-01-28,HH_041,Urban,0,8.5097,5.2188,3.2909,1.798335,0.0
2024-01-28,HH_042,Semi-urban,0,8.4333,5.4041,3.0292,1.805405,0.0
2024-01-28,HH_043,Urban,1,11.6381,7.6127,4.0254,2.5069850000000002,0.581905
2024-01-28,HH_044,Rural,0,5.0926,3.1184,1.9742,1.07573,0.0
2024-01-28,HH_045,Semi-urban,0,8.2665,5.1817,3.0848,1.758145,0.0
2024-01-28,HH_046,Rural,0,5.3954,3.2323999999999997,2.163,1.13255,0.0
2024-01-28,HH_047,Semi-urban,1,6.9752,5.1789000000000005,1.7963,1.56417,0.34876
2024-01-28,HH_048,Rural,0,5.2814,3.0503,2.2311,1.09724,0.0
2024-01-28,HH_049,Rural,0,5.1657,3.2425,1.9232,1.099105,0.0
2024-01-28,HH_050,Urban,0,13.0293,8.006,5.0233,2.754995,0.0
2024-01-28,HH_051,Rural,0,5.2195,3.25,1.9695,1.107925,0.0
2024-01-28,HH_052,Rural,0,5.2075,3.2624,1.9451,1.107365,0.0
2024-01-28,HH_053,Rural,0,5.1898,3.2517,1.9381,1.10364,0.0
2024-01-28,HH_054,Rural,0,5.2092,3.1056,2.1036,1.09194,0.0
2024-01-28,HH_055,Rural,1,3.9464,2.8817,1.0647,0.88013,0.19732000000000002
2024-01-28,HH_056,Rural,1,4.2581,2.9718,1.2863,0.935895,0.212905
2024-01-28,HH_057,Urban,0,8.4108,5.3084,3.1024,1.79246,0.0
2024-01-28,HH_058,Urban,0,8.5842,5.4227,3.1615,1.8298999999999999,0.0
2024-01-28,HH_059,Urban,1,8.1752,5.3736999999999995,2.8015,1.7636499999999997,0.40876
2024-01-28,HH_060,Semi-urban,0,8.7858,5.2886,3.4972000000000003,1.84673,0.0
2024-01-28,HH_061,Semi-urban,0,8.8966,5.5078,3.3888,1.8852699999999998,0.0
2024-01-29,HH_001,Semi-urban,0,12.8685,8.1618,4.7067,2.7464549999999996,0.0
2024-01-29,HH_002,Rural,0,5.2093,3.1163,2.093,1.093025,0.0
2024-01-29,HH_003,Rural,1,4.7433,2.9979,1.7454,1.011285,0.237165
2024-01-29,HH_004,Rural,0,5.4634,3.2871,2.1763,1.14822,0.0
2024-01-29,HH_005,Urban,0,13.8582,8.4827,5.375500000000001,2.927,0.0
2024-01-29,HH_006,Urban,0,8.636800000000001,5.4834000000000005,3.1534,1.84386,0.0
2024-01-29,HH_007,Urban,1,5.8832,4.5321,1.3511,1.33569,0.29416000000000003
2024-01-29,HH_008,Rural,0,5.2674,3.2434,2.024,1.11445,0.0
2024-01-29,HH_009,Rural,0,5.4701,3.2885,2.1816,1.149365,0.0
2024-01-29,HH_010,Rural,0,5.5102,3.2809,2.2293000000000003,1.15462,0.0
2024-01-29,HH_011,Urban,0,9.0348,5.4689,3.5659,1.90211,0.0
2024-01-29,HH_012,Rural,1,4.2441,3.0137,1.2304,0.937985,0.21220500000000003
2024-01-29,HH_013,Rural,0,5.1221,3.1632,1.9589,1.084635,0.0
2024-01-29,HH_014,Semi-urban,0,8.534,5.3922,3.1418,1.8193199999999998,0.0
2024-01-29,HH_015,Urban,1,5.6429,4.5343,1.1086,1.299865,0.28214500000000003
2024-01-29,HH_016,Urban,1,9.359,6.947,2.412,2.09855,0.46795000000000003
2024-01-29,HH_017,Semi-urban,0,8.9544,5.3932,3.5612,1.8824800000000002,0.0
2024-01-29,HH_018,Rural,1,3.4503,2.821,0.6293,0.799645,0.172515
2024-01-29,HH_019,Semi-urban,0,8.805,5.4283,3.3767,1.86358,0.0
2024-01-29,HH_020,Semi-urban,0,8.5237,5.0964,3.4273000000000002,1.788195,0.0
2024-01-29,HH_021,Rural,1,4.0725,2.8366000000000002,1.2359,0.8945350000000001,0.203625
2024-01-29,HH_022,Urban,1,6.6267,4.7234,1.9033,1.466345,0.331335
2024-01-29,HH_023,Semi-urban,1,6.0745,4.726,1.3485,1.383775,0.303725
2024-01-29,HH_024,Semi-urban,1,7.9403,5.3357,2.6046,1.724615,0.397015
2024-01-29,HH_025,Semi-urban,0,8.6201,5.3492,3.2709,1.8279349999999999,0.0
2024-01-29,HH_026,Rural,0,5.3504,3.2361,2.1143,1.1261700000000001,0.0
2024-01-29,HH_027,Urban,1,6.5752,4.9608,1.6144,1.48236,0.32876
2024-01-29,HH_028,Rural,0,5.1998,3.2366,1.9632,1.10363,0.0
2024-01-29,HH_029,Rural,1,4.4027,2.991,1.4117,0.959505,0.22013500000000003
2024-01-29,HH_030,Urban,1,6.0117,4.6995,1.3122,1.371705,0.30058500000000005
2024-01-29,HH_031,Rural,1,3.5095,2.7873,0.7222,0.8051550000000001,0.17547500000000002
2024-01-29,HH_032,Urban,0,9.0935,5.6356,3.4579,1.927585,0.0
2024-01-29,HH_033,Urban,0,13.3211,8.1901,5.131,2.8171749999999998,0.0
2024-01-29,HH_034,Rural,0,5.0236,3.1103,1.9133,1.06457,0.0
2024-01-29,HH_035,Rural,0,5.1588,3.1341,2.0247,1.08723,0.0
2024-01-29,HH_036,Rural,0,6.1202,3.3771,2.7431,1.25574,0.0
2024-01-29,HH_037,Semi-urban,0,8.7544,5.4011,3.3533,1.8532699999999998,0.0
2024-01-29,HH_038,Urban,0,8.1895,5.0792,3.1103,1.736345,0.0
2024-01-29,HH_039,Rural,0,5.2244,3.2479,1.9765,1.10845,0.0
2024-01-29,HH_040,Semi-urban,0,8.542,5.2382,3.3038,1.80512,0.0
2024-01-29,HH_041,Urban,0,9.068,5.5634999999999994,3.5045,1.91655,0.0
2024-01-29,HH_042,Semi-urban,0,8.837,5.2565,3.5805000000000002,1.8512,0.0
2024-01-29,HH_043,Urban,1,11.5998,7.4646,4.1352,2.48643,0.57999
2024-01-29,HH_044,Rural,0,5.2762,3.2467,2.0295,1.1161,0.0
2024-01-29,HH_045,Semi-urban,0,8.9861,5.4567,3.5294,1.8935849999999999,0.0
2024-01-29,HH_046,Rural,0,4.9822,3.2132,1.769,1.0686499999999999,0.0
2024-01-29,HH_047,Semi-urban,1,6.5277,4.8076,1.7201,1.459915,0.32638500000000004
2024-01-29,HH_048,Rural,0,5.9879999999999995,3.3517,2.6363,1.23337,0.0
2024-01-29,HH_049,Rural,0,4.8413,3.0307,1.8106,1.029265,0.0
2024-01-29,HH_050,Urban,0,12.9089,8.1489,4.76,2.751225,0.0
2024-01-29,HH_051,Rural,0,4.8797999999999995,3.1019,1.7779,1.04216,0.0
2024-01-29,HH_052,Rural,0,5.0198,3.0009,2.0189,1.0530599999999999,0.0
2024-01-29,HH_053,Rural,0,5.192,3.2161,1.9759,1.10041,0.0
2024-01-29,HH_054,Rural,0,5.1535,3.1485,2.005,1.087875,0.0
2024-01-29,HH_055,Rural,1,4.2956,3.1925,1.1031,0.96359,0.21478000000000003
2024-01-29,HH_056,Rural,1,4.1189,3.0364,1.0825,0.921475,0.20594500000000002
2024-01-29,HH_057,Urban,0,8.3104,5.189,3.1214,1.76546,0.0
2024-01-29,HH_058,Urban,0,8.6798,5.4863,3.1935,1.8506,0.0
2024-01-29,HH_059,Urban,1,7.4677,4.9585,2.5092,1.616005,0.373385
2024-01-29,HH_060,Semi-urban,0,8.4121,5.2806999999999995,3.1314,1.789885,0.0
2024-01-29,HH_061,Semi-urban,0,8.4709,5.1055,3.3654,1.781185,0.0
2024-01-30,HH_001,Semi-urban,0,12.9801,8.3521,4.628,2.782225,0.0
2024-01-30,HH_002,Rural,0,5.2123,3.0772,2.1351,1.089565,0.0
2024-01-30,HH_003,Rural,1,4.4425,2.943,1.4995,0.9606750000000001,0.22212500000000002
2024-01-30,HH_004,Rural,0,5.4178,3.2726,2.1452,1.13993,0.0
2024-01-30,HH_005,Urban,0,13.4785,7.825699999999999,5.6528,2.8043449999999996,0.0
2024-01-30,HH_006,Urban,0,8.549,5.5178,3.0312,1.83413,0.0
2024-01-30,HH_007,Urban,1,5.9583,4.6597,1.2986,1.359715,0.29791500000000004
2024-01-30,HH_008,Rural,0,5.0741000000000005,3.1559,1.9182000000000001,1.076705,0.0
2024-01-30,HH_009,Rural,0,4.987,3.134,1.853,1.06145,0.0
2024-01-30,HH_010,Rural,0,5.2689,3.2106999999999997,2.0582000000000003,1.111405,0.0
2024-01-30,HH_011,Urban,0,8.3852,5.1102,3.275,1.7688,0.0
2024-01-30,HH_012,Rural,1,6.1272,4.859500000000001,1.2677,1.4050300000000002,0.30636
2024-01-30,HH_013,Rural,0,5.1249,3.2439,1.881,1.0931250000000001,0.0
2024-01-30,HH_014,Semi-urban,0,8.6135,5.5462,3.0673,1.8466449999999999,0.0
2024-01-30,HH_015,Urban,1,6.2111,4.8173,1.3938,1.413395,0.310555
2024-01-30,HH_016,Urban,1,9.603200000000001,7.4837,2.1195,2.18885,0.4801600000000001
2024-01-30,HH_017,Semi-urban,0,8.457,5.2035,3.2535,1.7889,0.0
2024-01-30,HH_018,Rural,1,3.5427,2.8988,0.6439,0.821285,0.17713500000000001
2024-01-30,HH_019,Semi-urban,0,8.9313,5.3838,3.5475,1.878075,0.0
2024-01-30,HH_020,Semi-urban,0,8.9516,5.5846,3.367,1.9012,0.0
2024-01-30,HH_021,Rural,1,4.4658,3.1782,1.2876,0.98769,0.22329
2024-01-30,HH_022,Urban,1,9.4941,7.5826,1.9115,2.182375,0.474705
2024-01-30,HH_023,Semi-urban,1,6.2141,4.8006,1.4135,1.412175,0.310705
2024-01-30,HH_024,Semi-urban,1,8.3359,5.3193,3.0166,1.782315,0.416795
2024-01-30,HH_025,Semi-urban,0,8.5208,5.2332,3.2876,1.80144,0.0
2024-01-30,HH_026,Rural,0,5.2868,3.2266,2.0602,1.11568,0.0
2024-01-30,HH_027,Urban,1,6.9136999999999995,5.0181,1.8956,1.538865,0.345685
2024-01-30,HH_028,Rural,0,5.0344,3.1202,1.9142000000000001,1.06718,0.0
2024-01-30,HH_029,Rural,1,4.8553,3.0708,1.7845,1.0353750000000002,0.242765
2024-01-30,HH_030,Urban,1,5.6477,4.382,1.2657,1.285355,0.28238500000000005
2024-01-30,HH_031,Rural,1,3.3617,2.6084,0.7533,0.765095,0.168085
2024-01-30,HH_032,Urban,0,8.782,5.495,3.287,1.8668,0.0
2024-01-30,HH_033,Urban,0,13.3631,7.9703,5.3928,2.801495,0.0
2024-01-30,HH_034,Rural,0,5.2987,3.2301,2.0686,1.117815,0.0
2024-01-30,HH_035,Rural,0,5.2307,3.2866,1.9441,1.113265,0.0
2024-01-30,HH_036,Rural,0,5.1198,3.2164,1.9034,1.08961,0.0
2024-01-30,HH_037,Semi-urban,0,8.7298,5.1875,3.5423,1.82822,0.0
2024-01-30,HH_038,Urban,0,8.802,5.4235999999999995,3.3784,1.86266,0.0
2024-01-30,HH_039,Rural,0,5.1685,3.27,1.8985,1.1022750000000001,0.0
2024-01-30,HH_040,Semi-urban,0,8.7267,5.3307,3.396,1.842075,0.0
2024-01-30,HH_041,Urban,0,8.7182,5.4531,3.2651,1.85304,0.0
2024-01-30,HH_042,Semi-urban,0,8.5352,5.3531,3.1821,1.81559,0.0
2024-01-30,HH_043,Urban,1,12.2169,7.7847,4.4322,2.611005,0.6108450000000001
2024-01-30,HH_044,Rural,0,5.2629,3.1217,2.1412,1.101605,0.0
2024-01-30,HH_045,Semi-urban,0,8.6407,5.37,3.2707,1.833105,0.0
2024-01-30,HH_046,Rural,0,5.1965,3.2282,1.9683,1.102295,0.0
2024-01-30,HH_047,Semi-urban,1,7.0151,4.776,2.2391,1.529865,0.35075500000000004
2024-01-30,HH_048,Rural,0,4.9836,3.0699,1.9137,1.05453,0.0
2024-01-30,HH_049,Rural,0,5.1555,3.1066,2.0489,1.083985,0.0
2024-01-30,HH_050,Urban,0,13.450099999999999,8.3053,5.1448,2.848045,0.0
2024-01-30,HH_051,Rural,0,5.087,3.2666,1.8204,1.08971,0.0
2024-01-30,HH_052,Rural,0,5.0718000000000005,3.2276000000000002,1.8442,1.08353,0.0
2024-01-30,HH_053,Rural,0,5.1617,3.2152000000000003,1.9465000000000001,1.0957750000000002,0.0
2024-01-30,HH_054,Rural,0,5.2127,3.1373,2.0754,1.0956350000000001,0.0
2024-01-30,HH_055,Rural,1,4.3696,2.9392,1.4304000000000001,0.94936,0.21848
2024-01-30,HH_056,Rural,1,4.6292,3.3899,1.2393,1.03337,0.23146
2024-01-30,HH_057,Urban,0,9.2285,5.6542,3.5743,1.9496950000000002,0.0
2024-01-30,HH_058,Urban,0,8.3523,5.3987,2.9536000000000002,1.792715,0.0
2024-01-30,HH_059,Urban,1,7.9845,4.9642,3.0202999999999998,1.694095,0.399225
2024-01-30,HH_060,Semi-urban,0,8.8008,5.4668,3.334,1.8668,0.0
2024-01-30,HH_061,Semi-urban,0,9.3693,5.537,3.8323,1.959095,0.0
